Rank,Handle,Codeforces_Handle,Codeforces_Rating,GFG_Handle,GFG_Contest_Score,GFG_Practice_Score,Leetcode_Handle,Leetcode_Rating,Codechef_Handle,Codechef_Rating,HackerRank_Handle,HackerRank_Practice_Score,Percentile
1,21r01a0513,cmrit_21r01a0513,950,21r01a0513,433,150,21r01a0513,1502,vishwatej4,1423,21r01a0513,117,66.88%
2,21r01a0561,cmrit25__21r01a0561,885,21r01a0561,445,113,21r01a0561,1540,pavanvasam577,1418,21r01a0561,165,65.8%
3,21r01a66e5,cmrit25_21r01a66e5,870,21r01a66e5,288,145,21r01a66e5,1455,deepak216,1373,21r01a66e5,790,63.01%
4,21r01a0520,21r01a0520,590,21r01a0520,550,14,21r01a0520,1671,premsai20,1381,21r01a0520,15,61.68%
5,21r01a67f2,cmrit25_21r01a67f2,956,21r01a67f2,311,0,21r01a67f2,1613,sribro123,1451,21r01a67f2,571,61.44%
6,21r01a7362,cmrit25_21r01a7362,556,21r01a7362,395,365,narayansharma09,1229,narayansharma,1472,21r01a7362,5,59.96%
7,21r01a05c0,cmrit25_21r01a05c0,993,21r01a05c0,319,104,21r01a05c0,1404,tanirukavyasri,1293,21r01a05c0,204,59.74%
8,21r01a66e0,cmrit25_21r01a66e0,839,21r01a66e0,228,241,21r01a66e0,1263,prashanth50,1092,21r01a66e0,714,58.07%
9,21r01a7238,cmrit25_21r01a7238,1016,kjcreddy666,62,13,kjcreddy666,1445,jai_21r01a7238,1592,21r01a7238,1041,53.88%
10,21r01a05r3,cmrit25_21r01a05r3,917,21r01a05r3,215,33,21r01a05r3,1485,bhanuprakash75,1416,21r01a05r3,369,53.36%
11,21r01a66c7,cmrit25_21r01a66c7,917,21r01a66c7,192,37,21r01a66c7,1277,deepikachowdar,1355,21r01a66c7,477,51.62%
12,21r01a05f9,cmrit25_21r01a05f9,951,sanjana_54,208,40,sanjana_54,1386,sanjana_54,1372,21r01a05f9,123,50.66%
13,21r01a66h1,cmrit25_21r01a66h1,981,moturiadithyasai,156,39,cmr_21r01a66h1,1449,adithya_09,1375,21r01a66h1,231,49.86%
14,21r01a0531,cmrit25_21r01a0531,865,21r01a0531,219,4,21r01a0531,1444,meg_21r01a0531,1319,21r01a0531,207,49.27%
15,22r05a0505,cmrit25_22r05a0505,913,cmrit_22r05a0505,206,16,22r05a0505,1485,praveen784,1336,22r05a0505,85,49.09%
16,21r01a0524,21r01a0524,867,21r01a0524,118,278,21r01a0524,1516,akshaya_42,1094,21r01a0524,45,48.77%
17,21r01a7345,cmrit25_21r01a7345,1130,cmr_21r01a7345,120,23,cmr_21r01a7345,1533,cmr_21r01a7345,1111,21r01a7345,71,47.92%
18,21r01a6632,cmrit25_21r01a6632,864,21r016632,172,0,21r01a6632,1293,manishkumar_11,1157,21r01a6632,436,46.85%
19,22r05a0503,22r05a0503,1005,22r05a0503,125,38,22r05a0503,1568,s22r05a0503,1050,22r05a0503,166,46.7%
20,21r01a67e6,cmrit25_21r01a67e6,980,21r01a67e6,0,6,21r01a67e6,1557,r_21r01a67e6,1399,21r01a67e6,796,46.65%
21,21r01a6775,cmrit25_21r01a6775,948,21r01a6775,136,0,21r01a6775,1401,cmr_21r016775,1495,21r01a6775,97,46.18%
22,21r01a05h2,cmrit25_21r01a05h2,905,21r01aymik,169,0,21r01a05h2,1400,cmr_21r01a05h2,1427,rakeshpadamatin1,30,45.99%
23,21r01a66a1,cmrit25_21r01a66a1,867,21r01aspay,163,2,cmr_21r01a66a1,1454,cmr_21r01a66a1,1368,21r01a66a1,139,45.92%
24,22r05a7302,22r05a7302,840,22r05a7302,78,180,22r05a7302,1464,charanteja45,1358,22r05a7302,169,45.87%
25,21r01a05k8,cmrit25_21r01a05k8,819,21r01a05k8,187,16,21r01a05k8,1363,srujan_20,1440,21r01a05k8,40,45.55%
26,21r01a66a8,cmrit25_21r01a66a8,869,21r01a3yvp,129,51,raju_9,1478,raju_2003,1327,21r01a66a8,142,45.36%
27,21r01a67h9,cmrit25_21r01a67h9,850,21r01a67h9,119,0,21r01a67h9,1589,manaswini18,1289,21r01a67h9,338,45.33%
28,21r01a67g1,cmrit25_21r01a67g1,927,21r01a67g1_harishh,90,0,21r01a67g1,1495,harish_1333,1356,21r01a67g1,335,45.2%
29,21r01a0599,cmrit25_21r01a0599,851,sayeem,193,6,mdsayeem,1363,sayeem01,1268,21r01a0599,35,45.15%
30,22r05a6702,cmrit25_22r05a6702,811,praneeth702,191,39,22r05a6702,1217,praneeth702,1396,22r05a6702,23,44.92%
31,21r01a67e2,cmrit25_21r01a67e2,897,21r01a67e2,60,10,21r01a67e2,1328,raghavendra24,1266,21r01a67e2,661,44.77%
32,21r01a05h0,cmrit25_21r01a05h0,869,21r01a05h0,162,2,21r01a05h0,1414,gowtham_sagar7,1379,21r01a05h0,20,44.59%
33,21r01a0548,cmrit25_21r01a0548,896,varshitha613,69,58,varshitha_77,1353,varshitha_77,1418,21r01a0548,320,44.39%
34,21r01a7301,cmrit25_21r01a7301,1105,21r01ao4pu,35,0,ab031,1568,ab013,1343,21r01a7301,120,44.26%
35,21r01a6672,cmrit25_21r01a6672,843,21r01a6672,89,49,21r01a6672,1427,sanjana_6672,1249,21r01a6672,397,44.23%
36,21r01a67b2,21r01a67b2,898,21r01awke4,144,0,21r01a67b2,1447,harsha67b2,1372,21r01a67b2,10,44.23%
37,21r01a05d3,cmrit25_21r01a05d3,971,21r01a05d3,94,41,21r01a05d3,1351,edith3000,1298,21r01a05d3,82,43.82%
38,21r01a7348,cmrit25_21r01a7348,884,21r01a7348,143,18,21r01a7348,1500,keerthana_7348,1007,21r01a7348,142,43.66%
39,21r01a66d6,cmrit25_21r01a66d6,909,21r01a66d6,93,4,cmr_21r01a66d6,1425,cmr_21r01a66d6,1303,21r01a66d6,205,43.1%
40,21r01a66c6,cmrit25_21r01a66c6,835,21r01a66c6,89,14,varshiniguptha66c6,1387,varshiniguptha,1222,21r01a66c6,419,42.91%
41,21r01a0551,abhiram122002,998,21r01a0551,0,124,abhiram_212,1542,abhiram_2023,1425,abhiram551,15,42.83%
42,21r01a0564,cmrit25_21r01a0564,881,akshitha12,117,23,akshitha12,1347,akshitha564,1294,21r01a0564,101,42.81%
43,21r01a0509,cmrit25_21r01a0509,773,21r01a0509,98,71,bhavani_2234,1460,bhavani_2234,1188,21r01a0509,307,42.79%
44,21r01a05j3,cmrit25_21r01a05j3,935,21r01a05j3,79,14,21r01a05j3,1460,sravani173,1406,21r01a05j3,75,42.76%
45,21r01a0504,cmrit25_21r01a0504,752,21r01a0504,181,6,21r01a0504,1378,madhusudhan04,1295,21r01a0504,45,42.76%
46,21r01a6618,cmrit25_21r01a6618,853,21r01a96ng,105,2,21r01a6618,1274,gs1103,1037,21r01a6618,456,42.35%
47,21r01a6696,cmrit25_21r01a6696,871,21r01a6696,121,25,21r01a6696,1370,siddharth291,1150,21r01a6696,122,42.31%
48,21r01a0545,cmrit25_21r01a0545,879,ravi21r01a0545,70,86,21r01a0545ravi,1363,ravi_1603,1290,21r01a0545,85,41.85%
49,21r01a05h6,cmrit25_21r01a05h6,800,21r01a05h6,168,3,21r01a05h6,1377,vaishnavi_5h6,1166,21r01a05h6,10,41.83%
50,21r01a6758,cmrit25_21r01a6758,740,21r01a6758,135,20,nandhu2304,1271,nandhu2304,1106,21r01a6758,326,41.25%
51,21r01a6712,rahuldrp,888,rahuldrp,75,13,rahuldrp,1292,rahuldrp,1463,rahuldrp,110,41.21%
52,21r01a05n7,cmrit25_21r01a05n7,844,21r01a05n7,100,10,21r01a05n7,1503,cmr_21r01a05n7,1309,,0,40.8%
53,21r01a6690,cmrit25_21r01a6690,856,21r01a10bg,97,26,21r01a6690,1383,kbaakash12345,1139,21r01a6690,107,40.57%
54,21r01a05a3,cmrit25_21r01a05a3,976,21r01a05a3,34,21,21r01a05a3,1320,rahilsubhan,1319,21r01a05a3,136,40.57%
55,21r01a67c0,cmrit25_21r01a67c0,833,21r01a67c0,109,0,21r01a67c0,1427,r01a67c0,1206,21r01a67c0,75,40.4%
56,21r01a6623,cmrit25_21r01a6623,709,kneharedo1ck,135,7,nehakalimela,1380,nehareddy1904,1015,21r01a6623,330,40.36%
57,22r05a0427,cmrit25_22r05a0427,865,22r05a08ms,50,5,sowmika_27,1566,sowmika_27,1253,22r05a0427,192,40.25%
58,21r01a66e9,cmrit25_21r01a66e9,775,21r01a66e9,142,0,gandla_saikiran,1337,saikiran50412,1070,21r01a66e9,116,39.98%
59,21r01a0566,cmrit25_21r01a0566,845,21r01a1fp0,89,3,gnanitha_annavarapu,1355,r01a0566,1264,21r01a0566,113,39.95%
60,21r01a0550,cmrit25_21r01a0550,850,21r01a0550,113,2,21r01a0550,1249,akhil_550,1190,21r01a0550,63,39.76%
61,21r01a7360,thumusanjay000,1052,thumusanjay000,0,0,tumusanjay000,1484,tumusanjay,1341,thumusanjay000,0,39.56%
62,21r01a05n8,cmrit25-21r01a05n8,820,karthik_51,74,18,karthik_51,1377,karthik_51,1407,21r01a05n8,53,39.47%
63,21r01a7210,cmrit25_21r01a7210,827,pavan_10,63,5,pavan_7210,1408,sololeveler_10,1297,21r01a7210_pavan,188,39.45%
64,21r01a05m4,cmrit25_21r01a05m4,797,21r01acgdz,88,11,21r01a05m4,1514,sunil5m4,1283,21r01a05m4,27,39.34%
65,21r01a0549,cmrit25_21r01a0549,945,21r01as4mb,28,21,harshithhreddy,1502,harshithreddy4,1202,21r01a0549,65,39.26%
66,21r01a6677,cmrit25_21r01a6677,824,siddesh122,76,6,21r01a6677,1392,siddesh122,1434,21r01a6677,5,39.13%
67,21r01a7342,cmrit25_21r01a7342,818,21r01a7nsm,0,77,21r01a7342,1254,cmr_21r01a7342,1431,21r01a7342,333,39.11%
68,21r01a0543,cmrit25_21r01a0543,915,21r01a0543,68,2,santhosh_76,1318,santhoshnayakm,1213,21r01a0543,26,38.88%
69,21r01a0534,cmrit25_21r01a0534,835,21r01a0534,40,36,21r01a0534,1341,cmrit_21r01a05,1091,21r01a0534,329,38.87%
70,21r01a05d2,rana_9325,1019,,0,0,21r01a05d2,1482,rana_9325,1309,21r01a05d2,0,38.65%
71,21r01a0523,21r01a0523,943,21r01a0523,0,0,vedaprathik23,1648,vedaprathik23,1340,21r01a0523,30,38.52%
72,21r01a0536,cmrit25_21r01a0536,945,21r01a0536,0,4,21r01a0536,1472,akanksha_konga,1253,21r01a0536,177,38.48%
73,21r01a66e2,cmrit25_21r01a66e2,912,21r01a66e2,60,6,21r01a66e2,1344,sh21r01a66e2,1060,21r01a66e2,90,38.3%
74,21r01a67g9,cmrit25_21r01a67g9,867,21r01a67g9,25,0,narendra_3,1378,narendra3,1350,21r01a67g9,179,38.15%
75,21r01a7343,cmrit25_21r01a7343,742,21r01a7343,74,24,21r01a7343,1281,sruthi38,896,21r01a7343,459,38.1%
76,21r01a66f9,cmrit25_21r01a66f9,773,21r01a66f9,67,4,21r01a66f9,1452,nithin421,1425,21r01a66f9,29,38.04%
77,21r01a66h0,cmrit25_21r01a66h0,865,shivakumar_245,0,27,21r01a66h0,1553,shivakumar_245,1202,21r01a66h0,221,38.01%
78,22r05a0520,cmrit25_22r05a0520,911,cmrit25_22r05a0520,38,26,22r05a0520,1242,ramupalla912,1049,22r05a0_520,194,37.94%
79,21r01a05e6,21r01a05e6,934,21r01a05e6,30,5,21r01a05e6,1574,cmr_21r01a05e6,1063,21r01a05e6,0,37.63%
80,21r01a7347,sadanand26,1030,21r01aeapc,0,31,21r01a7347,1306,sadanand26,1027,21r01a7347,75,37.63%
81,22r05a0501,cmrit25_22r05a0501,825,abbagouni22501,39,6,22r05a0501,1358,bhavani2003,1269,22r05a0501,173,37.51%
82,21r01a0557,cmrit25_21r01a0557,871,thada_preethi,0,28,21r01a0557,1475,cmr_21r01a0557,1292,21r01a0557,140,37.48%
83,21r01a0533,cmrit25_21r01a0533,833,21r01a0533,29,35,21r01a0533,1353,harikakaranam,1321,21r01a0533,91,37.43%
84,21r01a6761,cmrit25_21r01a6761,829,ganesh_61,9,4,ganesh_61,1498,ganesh_61,1190,21r01a6761,293,37.39%
85,21r01a6666,cmrit25_21r01a6666,872,21r01a6666,39,0,21r01a6666,1342,cmr_21r01a6666,1199,21r01a6666,125,37.34%
86,21r01a0563,21r01a0563,817,21r01a0563,60,0,21r01a0563,1383,shivathmika63,1017,21r01a0563,191,37.06%
87,21r01a67a4,cmrit25_21r01a67a4,903,,0,0,meghana_939,1427,meghana_939,1341,21r01a67a4,102,37.05%
88,21r01a05k5,cmrit25_21r01a05k5,858,21r01a05k5,29,7,veerendra74,1433,veerendra74,1272,21r01a05k5,56,37.03%
89,21r01a05m5,cmrit25_21r01a05m5,865,21r01a05m5,40,24,21r01a05m5,1410,hemanth_463,998,21r01a05m5,122,37.02%
90,22r05a0514,kodam1,911,22r05a0514,30,0,22r05a0514,1434,kodam1,1183,22r05a0514,9,37.01%
91,21r01a67h6,cmrit25_21r01a67h6,726,ramana67h6,0,7,21r01a67h6,1604,ramana67h6,1351,21r01a67h6,347,36.97%
92,21r01a05a6,cmrit25_21r01a05a6,943,harishblia,10,14,21r01a05a6,1240,harishgo764,1328,harishgo764,30,36.93%
93,21r01a6683,manohar_eldhandi,893,21r01a6683,25,0,manohareldhandi,1417,mano2003,1218,21r01a6683,51,36.88%
94,21r01a0559,cmrit25_21r01a0559,849,21r01a0559,29,0,21r01a0559,1408,sravani1304,1314,21r01a0559,60,36.8%
95,21r01a05j9,21r01a05j9,838,21r01a05j9,40,25,21r01a05j9,1587,cmr_21r01a05j9,1058,21r01a05j9,5,36.79%
96,21r01a0558,cmrit25_21r01a0558,803,nischaypq24,80,0,user0322sl,1269,nischayreddy,1243,nischayreddy_t,0,36.75%
97,22r05a0521,cmrit25_22r05a0521,765,22r05a0521,40,28,22r05a0521,1436,dhanu521,1150,22r05a0521,179,36.67%
98,22r05a0416,cmrit25_22r05a0416,757,22r05a8kn1,20,5,22r05a0416,1561,charithasree27,1241,22r05a0416,228,36.57%
99,22r05a0518,22r05a0518,930,22r05a0518,0,0,22r05a0518,1560,venu22r05a0518,1119,22r05a0518,50,36.52%
100,21r01a6602,21r01a6602,774,21r01a6602,19,12,cmr_21r01a6602,1438,cmr_21r01a6602,1262,21r01a6602,227,36.45%
101,21r01a0593,cmrit25_21r01a0593,948,21r01a0593,0,0,21r01a0593,1271,vishnu_593,1073,kvv21r01a0593,212,36.44%
102,21r01a05j6,cmrit25_21r01a05j6,774,21r01awu1y,60,9,21r01a05j6,1415,hima21r01a05j6,1267,21r01a05j6,5,36.37%
103,21r01a67f6,21r01a67f6,870,21r01a67f6,10,0,akshaj06,1563,cmr_21r01a67f6,1280,akshaj,0,36.35%
104,21r01a05p4,cmrit25_21r01a05p4,810,21r01a05p4,49,16,21r01a05p4,1314,cmr_21r01a05p4,1074,21r01a05p4,147,36.27%
105,21r01a0552,21r01a0552,818,21r01a0552,30,1,21r01a0552,1432,shravani52,1050,21r01a0552,206,36.11%
106,21r01a0508,cmrit25_21r01a0508,817,21r01a0508,29,0,21r01a0508,1349,vishnupriya508,1357,21r01a0508,55,35.99%
107,21r01a6693,21r01a6693,842,21r01alz21,10,0,adithya2210,1371,adithya2210,1307,21r01a6693,124,35.96%
108,21r01a05h3,cmrit25_21r01a05h3,835,prashanthn60z,30,0,prashanth_padige07,1362,prashanth64,1324,21r01a05h3,12,35.88%
109,21r01a6689,cmrit25_21r01a6689,802,21r01a6689,0,31,ashwini_21r01a6689,1427,ashu21r01a6689,1079,21r01a6689,279,35.81%
110,21r01a66b0,cmrit25_21r01a66b0,780,21r01ae3yc,10,100,21r01a66b0,1472,yashwanthh,922,21r01a66b0,147,35.8%
111,21r01a0410,21r01a0410,809,21r01a0410,30,4,21r01a0410,1577,shivani_0410,1132,21r01a0410,32,35.72%
112,21r01a6796,21r01a6796,848,21r01a6796,20,0,21r01a6796,1540,jukantisoumya9,1091,21r01a6796,50,35.58%
113,21r01a6795,cmrit25_21r01a6795,891,,0,0,upendra456,1550,upendra456,1110,21r01a6795,50,35.58%
114,21r01a6687,cmrit25_21r01a6687,766,21r01a6687,9,44,ashwitha1702,1474,ashwitha3610,781,21r01a6687,408,35.55%
115,21r01a7309,cmrit25_21r01a7309,866,21r01a7309,0,0,21r01a7309,1609,abhinav_781,1145,21r01a7309,35,35.48%
116,21r01a67k3,cmrit25_21r01a67k3,755,21r01a67k3,49,1,charan_k3,1438,v21r01a67k3,1287,charan_k3,0,35.36%
117,21r01a66a6,cmrit25_21r01a66a6,844,21r01ac1bc,0,21,yousufansari,1412,yousufansari,1087,21r01a66a6,171,35.35%
118,21r01a6714,cmrit25_21r01a6714,761,21r01a6714,0,14,21r01a6714,1478,cmr_21r01a6714,1429,21r01a6714,106,35.32%
119,21r01a05p5,cmrit25_21r01a05p5,772,21r01a05p5,50,18,21r01a05p5,1242,cmr_21r01a05p5,1137,21r01a05p5,119,35.27%
120,21r01a67b1,cmrit25_21r01a67b1,816,21r01ari5z,30,0,21r01a67b1,1554,cmr_21r01a67b1,1091,21r01a67b1,20,35.25%
121,21r01a05g6,cmrit25_21r01a05g6,718,21r01a05g6,40,22,21r01a05g6,1408,cmr_21r01a05g6,1207,21r01a05g6,107,35.01%
122,21r01a6765,cmrit25_21r01a6765,896,21r01a6765,0,0,21r01a6765,1351,h21r01a6765,1129,21r01a6765,90,35%
123,21r01a0544,cmrit25_21r01a0544,782,21r01a0544,20,26,sushma_2374,1422,sushma_2374,1030,21r01a0544,167,34.93%
124,21r01a6715,vivekdunuka,744,vivek_6715,49,2,dunukavivek,1444,vivekdunuka,1243,21r01a6715,0,34.92%
125,21r01a66b1,cmrit25_21r01a66b1,797,21r01a66b1,10,0,21r01a66b1,1414,nishanth069,1210,21r01a66b1,141,34.82%
126,21r01a7209,21r01a7209,766,21r01a7209,20,11,sindhu_21r01a7209,1419,sindhuja_9849,1088,21r01a7209,197,34.82%
127,21r01a05f1,cmrit25_21r01a05f1,847,21r01a05f1,10,15,21r01a05f1,1368,vynika2004,1036,21r01a05f1,128,34.8%
128,21r01a66b5,cmrit25_21r01a66b5,745,21r01ax5wh,78,0,21r01a66b5,1285,jagadeesh55,1040,21r01a66b5,35,34.58%
129,21r01a6635,cmrit25_21r01a6635,867,mdabdulkadeer,0,11,mdabdulkadeer,1271,mdabdulkadeer,1140,21r01a6635,115,34.52%
130,21r01a67j7,cmrit25_21r01a67j7,774,manohar7j7,18,17,21r01a67j7,1349,cmr_21r01a67j7,1113,21r01a67j7,165,34.47%
131,22r05a0406,cmrit25_22r05a0406,720,22r05a8g5o,20,0,22r05a0406,1551,akhilreddy_13,1302,22r05a0406,68,34.44%
132,21r01a05d6,cmrit25_21r01a05d6,758,21r01a05d6,69,0,21r01a05d6,1370,julie14,994,21r01a05d6,15,34.39%
133,21r01a66a9,21r01a66a9,928,21r01adbxu,0,9,21r01a66a9,1408,cmr_21r01a66a9,779,21r01a66a9,121,34.36%
134,21r01a6665,21r01a6665,763,21r01a6665,37,30,abhishekabramaina,1377,abhishek202002,1085,21r01a6665,31,34.34%
135,21r01a66c4,cmrit25_21r01a66c4,801,nithhyya,0,0,nithya66c4,1343,nithhyya,1305,21r01a66c41,120,34.33%
136,21r01a6669,cmrit25_21r01a6669,798,21r01apm60,135,12,21r01a6669,1322,21r01a6669,0,21r01a6669,182,34.24%
137,21r01a6699,cmrit25_21r01a6699,830,21r01ay00k,0,0,aparna_235,1411,aparna_235,1013,21r01a6699,194,34.23%
138,21r01a0585,21r01a0585,799,21r01a0585,0,8,agent_storm,1445,agent_storm,1331,agent_storm10,0,34.13%
139,21r01a7233,cmrit25_21r01a7233,802,siddu99,9,2,21r01a7233,1425,siddu99,1249,21r01a7233,20,34.08%
140,21r01a66a5,cmrit25_21r01a66a5,802,21r01al8fu,0,0,21r01a66a5,1317,cmr_21r01a66a5,1327,21r01a66a5,90,34.05%
141,21r01a66d5,cmrit25_21r01a66d5,753,21r01a66d5,9,22,21r01a66d5,1442,akhil7777,1031,21r01a66d5,196,34.01%
142,22r05a6611,cmrit25_22r05a6611,843,22r05a6611,0,13,22r05a6611,1430,sinu19,973,22r05a6611,117,33.98%
143,21r01a6766,cmrit25_21r01a6766,853,,0,0,srinidhi_12,1472,jerry1002,1130,cmrit25_21r01a6766,0,33.95%
144,21r01a0441,21r01a0441,761,21r01a0441,37,2,21r01a0441,1375,sunil441,1005,21r01a0441,97,33.65%
145,21r01a67h4,cmrit25-21r01a67h4,827,21r01acdlh,0,0,pranay_kumar45,1404,pranaykumar45,1154,21r01a67h4,42,33.55%
146,21r01a66a2,cmrit25_21r01a66a2,793,sandy_m0,10,18,sandeepmanepally,1339,sandy_m0,1119,21r01a66a2,70,33.53%
147,22r05a6618,cmrit25_22r05a6618,761,22r05a1feu,40,0,naveen1008,1355,velpulanaveen9,1012,22r05a6618,80,33.52%
148,21r01a6670,cmrit25_21r01a6670,800,vidhya_6670,0,0,vidhya_6670,1409,vidhya_6670,1291,vidhya_6670,0,33.47%
149,21r01a7262,cmrit25_21r01a7262,794,21r01a7262,0,5,21r01a7262,1408,sai_vivek04,1070,21r01a7262,132,33.35%
150,21r01a04e6,cmrit25_21r01a04e6,578,gmuma_16,10,58,gmumamaheswararao,1563,gmuma_16,1032,21r01a04e6,323,33.3%
151,21r01a6633,cmrit25_21r01a6633,779,21r01a6633,0,6,sairam_sagar,1379,sairam_33,986,cmrit_21r01a6633,210,33.11%
152,21r01a0484,cmrit25_21r01a0484,757,akankshagof5fs,0,0,akanksha2k23,1509,akanksha2k23,804,21r01a0484,295,32.93%
153,21r01a66h5,cmrit25_21r01a66h5,756,21r01a66h5,0,23,21r01a66h5,1262,pavithra_12,909,21r01a66h5,277,32.55%
154,21r01a05j7,vishnuabhi,705,21r01a05j7,30,0,cmr_21r01a05j7,1444,vishnu_5j7,1165,21r01a05j7,0,32.51%
155,21r01a05m7,21r01a05m7,781,21r01a05m7,0,7,21r01a05m7,1409,prasad_00,1039,21r01a05m7,82,32.46%
156,21r01a0429,cmrit25_21r01a0429,461,21r01a0429,119,0,21r01a0429,1503,cmr_21r01a0429,1118,21r01a0429,15,32.41%
157,21r01a05d7,cmrit25_21r01a05d7,771,21r01a05d7,20,2,21r01a05d7,1421,akanksha_0304,992,21r01a05d7,15,32.34%
158,21r01a67c1,cmrit25_21r01a67c1,595,21r01awf3x,50,2,21r01a67c1p,1569,r01a67c1,1175,21r01a67c1,15,32.28%
159,21r01a05b8,cmrit25_21r01a05b8,756,21r01a05b8,0,16,21r01a05b8,1415,haneefa215b8,1089,21r01a05b8,50,32.22%
160,21r01a0528,cmrit25_21r01a0528,0,21r01a0528,162,229,21r01a0528,1375,k_prakashraj17,1337,21r01a0528,50,32.22%
161,22r05a6603,cmrit25_22r05a6603,754,cheedallaso5l0,0,0,srinidhi_cheedalla,1531,srinidhi89,1115,cheedallasrinidhi22r05a6603,0,32.12%
162,22r05a6604,cmrit25_22r05a6604,780,thanojsrlibh,10,1,22r05a6604thanoj,1299,thanojsriman,1111,22r05a6604thanoj,27,32.09%
163,21r01a7259,cmrit25_21r01a7259,722,arjun1515,0,13,21r01a7259,1415,arjun1515,1139,21r01a7259,70,31.93%
164,21r01a04f6,cmrit25_21r01a04f6,708,21r01a04f6,0,0,21r01a04f6,1410,pranish_f6,1053,21r01a04f6,194,31.89%
165,21r01a66f4,cmrit25_21r01a66f4,736,21r01a66f4,0,0,teja_sri26,1353,teja_sri26,1101,21r01a66f4,128,31.81%
166,21r01a04c7,cmrit25_21r01a04c7,899,21r01a04c7,60,0,bhavani_19,0,bhavani_92,1090,21r01a04c7,274,31.77%
167,21r01a05d8,b_sai_charan99,584,21r01a4moz,60,0,21r01a05d8,1418,sai21r01a05d8,1216,21r01a05d8cmrit1,0,31.75%
168,21r01a7317,21r01a7317,747,21r01a7317,20,0,21r01a7317,1341,sridhar7317,1019,21r01a7317,35,31.66%
169,21r01a6673,cmrit25_21r01a6673,734,srivarshini,0,0,21r01a6673,1337,varshini8,1287,srivarshini,0,31.61%
170,22r05a6614,cmrit25_22r05a6614,780,22r05a6614,9,2,22r05a6614,1415,govardhan14,967,cmr_22r05a6614,0,31.59%
171,21r01a04b1,janvipulluri_18,729,21r01ab5ys,0,0,_j21r01a04b1,1499,j21r01a04b1,981,21r01a04b1,105,31.56%
172,21r01a6615,cmrit25_21r01a6615,727,21r01a6615,25,0,21r01a6615,1322,cmr21r01a6615,992,21r01a6615,65,31.51%
173,21r01a67k4,21r01a67k4_vishnu,632,21r01a67k4,20,0,21r01a67k4,1570,vishnu_a67k4,1164,21r01a67k4,35,31.51%
174,22r05a7204,cmrit25_22r05a7204,749,22r05a7204,0,2,22r05a7204,1371,cmr22r05a7204,1103,22r05a7204,46,31.48%
175,21r01a66g1,cmrit25_21r01a66g1,702,21r01a66g1,0,33,21r01a66g1,1428,pavan138,881,21r01a66g1,162,31.39%
176,21r01a7321,cmrit25_21r01a7321,985,21r01a7321,7,2,,0,vaishnavii1312,911,21r01a7321,435,31.18%
177,21r01a6799,saikrishna_25,748,21r01a6799,0,0,21r01a6799,1429,r01a6799,1051,21r01a6799,15,31.12%
178,21r01a67c8,21r01a67c8,1065,,0,0,,0,moneycharan4,919,21r01a67c8,283,31.02%
179,21r01a05e1,charan_boga,586,21r01a05e1,40,19,21r01a05e1,1420,cmr_21r01a05e1,943,21r01a05e1,147,30.93%
180,21r01a05j4,cmrit25_21r01a05j4,894,21r01a05j4,70,0,gopikrishna,0,r01a05j4,1211,21r01a05j4,45,30.77%
181,21r01a67d6,21r01a67d6,733,,0,0,21r01a67d6,1392,meghana_85,1090,21r01a67d6,5,30.73%
182,21r01a66b6,cmrit25_21r01a66b6,729,21r01ant7h,0,0,21r01a66b6,1382,cmr_21r01a66b6,997,21r01a66b6,70,30.63%
183,21r01a7316,21r01a7316,722,21r01a7316,0,15,21r01a7316,1456,madhan45,925,21r01a7316,40,30.59%
184,21r01a6711,21r01a6711,714,21r01a6711,0,0,21r01a6711,1341,kartheekdama11,1128,21r01a6711,35,30.55%
185,21r01a0510,cmrit25_21r01a0510,718,ranjithra88zk,10,0,ranjith_890,1494,ranjith_890,922,ranjithranji2251,5,30.52%
186,21r01a66d9,cmrit_21r01a66d9,375,21r01a66d9,0,87,cmr_21r01a66d9,1411,navya_63,1105,21r01a66d9,501,30.51%
187,21r01a6682,cmrit25_21r01a6682,972,21r01asoh5,0,11,21r01a6682,0,cmr_21r01a6682,1299,21r01a6682,152,30.49%
188,22r05a6613,cmrit25_22r05a6613,919,22r05a6613,40,22,22r05a6613,0,cmr_22r05a6613,1120,22r05a6613,122,30.43%
189,21r01a04d7,cmrit25_21r01a04d7,770,21r01a04d7,0,0,swathi2k23,1446,swathi2k23,686,21r01a04d7,102,30.23%
190,21r01a67f8,cmrit_21r01a67f8,987,21r01a67f8,0,9,sathwikakoduri,0,sathwikakoduri,1203,21r01a67f8,147,30.1%
191,22r05a7301,jayanth,1418,jayanth,0,0,jayanth,0,jayanth,0,jayanth,0,30%
192,21r01a05f0,cmrit25_21r01a05f0,608,21r01a05f0,0,0,explorer245,1665,explorer245,1114,21r01a05f0,5,29.87%
193,22r05a0410,cmrit25_22r05a0410,581,22r05a0ejf,10,11,22r05a0410,1489,kannedeepthi_7,1135,22r05a0410,65,29.8%
194,21r01a05m1,cmrit25_21r01a05m1,576,21r01a05m1,0,0,21r01a05m1,1602,cmr_21r01a05m1,1272,21r01a05m1,0,29.76%
195,21r01a7251,cmrit25_21r01a7251,815,parvathamr94gs,0,13,ramcharan07,0,ramcharan01,1225,21r01a7251,455,29.66%
196,21r01a05b6,cmrit25_21r01a05b6,792,21r01a05b6,65,15,21r01a05b6,0,samrah10,1182,21r01a05b6,157,29.65%
197,21r01a0516,cmrit25_21r01a0516,359,21r01a0516,125,2,21r01a0516,1400,vinuthnagoud,1057,21r01a0516,15,29.63%
198,21r01a04p2,cmrit_25_21r01a04p2,767,m_vaishnavi06,0,0,21r01a04p2,1415,m_vaishnavi06,719,21r01a04p2,35,29.55%
199,21r01a6782,cmrit25_21r01a6782,834,manikcmrit,19,0,manikcmrit,0,r01a6782manik,1173,21r01a6782,333,29.25%
200,21r01a67e3,cmrit25_21r01a67e3,882,21r01a67e3,22,0,21r01a67e3,0,cmr_21r01a67e3,1180,21r01a67e3,203,29.22%
201,21r01a05j1,cmrit25_21r01a05j1,927,21r01a05j1,40,0,21r01a05j1,0,srikar741,1171,21r01a05j1,0,29.15%
202,21r01a6640,cmrit25_21r01a6640,789,elena_jakaes,39,8,elena_jakaes,0,suji_jakaes,1006,suji_jakaes,378,28.99%
203,22r05a0515,cmrit25_22r05a0515,878,22r05asq20,22,13,sahithilakkarasu,0,sahithi_2702,1210,22r05a0515,122,28.9%
204,21r01a67b6,cmrit25_21r01a67b6,901,21r01a67b6,0,0,21r01a67b6,0,a_21r01a67b6,1449,21r01a67b6,60,28.74%
205,21r01a04m3,cmrit-25-21r01a04m3,561,21r01a04m3,0,19,21r01a04m3,1346,swetha214m3,948,21r01a04m3,243,28.73%
206,21r01a0582,cmrit2025_21r01a0582,565,21r01a0582,0,21,21r01a0582,1458,sravya2004,1075,21r01a0582,75,28.73%
207,21r01a05e5,cmrit25_21r01a05e5,826,cmrit25_21r01a05e5,57,4,21r01a05e5,0,csashish,1210,21r01a05e5,39,28.67%
208,21r01a0485,ramarao_123,708,,0,0,21r01a0485,1420,ramarao444,805,21r01a0485,10,28.63%
209,21r01a7258,cmrit25_21r01a7258,900,somajhansi6504,10,2,somajhansi7258,0,anonymous44,1344,21r01a7258,50,28.56%
210,21r01a67f3,21r01a67f3,361,21r01a67f3,49,1,21r01a67f3,1377,rithish81,1301,21r01a67f3,187,28.55%
211,21r01a6764,cmrit25_21r01a6764,824,21r01a6764,0,17,21r01a6764,0,vyshnavi6764,1448,21r01a6764,160,28.53%
212,21r01a6650,cmrit25_21r01a6650,581,21r01a6650,0,13,21r01a6650,1302,indu_sri2209,959,21r01a6650,210,28.48%
213,21r01a67d8,21r01a67d8,361,21r01a67d8,49,5,21r01a67d8,1377,deekshitha2k4,1260,21r01a67d8,190,28.43%
214,21r01a6676,cmrit25_21r01a6676,868,21r01a0lxc,10,18,21r01a6676,0,navaketanb1910,1156,21r01a6676,180,28.39%
215,21r01a67f7,cmrit25_21r01a67f7,0,21r01a67f7,190,10,21r01a67f7,1559,s_21r01a67f7,1149,21r01a67f7,125,28.39%
216,22r05a0512,cmrit25_22r05a0512,822,22r05a0512,30,0,22r05a0512,0,kalyani2003,1336,22r05a0512,95,28.33%
217,21r01a6719,cmrit25_21r01a6719,769,21r01amvt4,0,95,21r01a6719,0,pujitha567,1207,21r01a6719,193,28.31%
218,21r01a67e7,ajit_04,357,21r01aecx4,0,11,21r01a67e7,1607,hamilpurajit,972,21r01a67e7,480,28.19%
219,21r01a04r4,21r01a04r4,571,21r01a04r4,0,0,21r01a04r4,1422,s21r01a04r4,1114,21r01a04r4,60,28.16%
220,21r01a6612,cmrit25_21r01a6612,583,21r01awdt9,0,19,21r01a6612,1408,anuragvamshi,877,21r01a6612,135,28.09%
221,21r01a0521,cmrit25_21r01a0521,591,21r01a0521,0,0,21r01a0521,1380,cmr_21r01a0521,1156,21r01a0521,0,28.02%
222,21r01a6772,cmrit25_21r01a6772,970,21r01axoew,10,0,21r01a6772,0,cmr_21r01a6772,1029,21r01a6772,40,27.92%
223,21r01a66h8,cmrit25_21r01a66h8,964,,0,0,akshayram,0,akshayram,1072,21r01a66h8,81,27.91%
224,21r01a6630,cmrit25_21r01a6630,834,adhinath,0,16,adhinath_9393,0,adhinath_9393,1166,adhinath_k,257,27.88%
225,21r01a0578,cmrit25_21r01a0578,828,21r01a0578,30,12,21r01a0578,0,navya578,1250,21r01a0578,45,27.77%
226,21r01a04a1,cmrit25_21r01a04a1,824,21r01a04a1,0,0,cmrit_21r01a04a1,0,cmr21r01a04a1,1525,21r01a04a1,77,27.75%
227,21r01a67b5,21r01a67b5,864,21r01a2k2z,29,13,21r01a67b5,0,cmr21r01a67b5,1075,21r01a67b5,80,27.74%
228,21r01a6648,cmrit25_21r01a6648,859,21r01a6648,0,31,21r01a6648,0,cmr_21r01a6648,971,21r01a6648,267,27.69%
229,21r01a0486,cmrit25_21r01a0486,581,,0,0,chennaraogurrala,1419,gchennarao,1038,21r01a0486,30,27.59%
230,22r05a6617,22r05a6617,906,22r05a6617,0,0,22r05a6617,0,s22r05a6617,1140,22r05a6617,125,27.53%
231,21r01a66b8,cmrit25_21r01a66b8,813,21r01a66b8,0,0,rajesh,1576,21r01a66b8,0,21r01a66b8,85,27.45%
232,21r01a0424,cmrit25_21r01a0424,868,,0,0,21r01a0424,0,sravani2k23,1155,21r01a0424,161,27.17%
233,21r01a6657,cmrit25_21r01a6657,876,21r01ab99c,0,22,snehal_593,0,snehal_593,994,21r01a6657,177,27.08%
234,21r01a05h8,cmrit25_21r01a05h8,818,21r01a05h8,49,8,21r01a05h8,0,cmr_21r01a05h8,1034,21r01a05h8,37,27.05%
235,21r01a6601,21r01a6601,832,21r01a6601,0,21,21r01a6601,0,s21r01a6601,1128,21r01a6601,185,27.04%
236,21r01a67a8,cmrit25_21r01a67a8,864,21r01apfut,0,15,21r01a67a8,0,s21r01a67a8,1037,21r01a67a8,180,26.93%
237,21r01a0487,cmrit25_21r01a0487,357,21r01a0487,28,0,21r01a0487,1530,koushik2004,983,21r01a0487,254,26.85%
238,21r01a6685,cmrit25_21r01a6685,857,koushik_04,0,0,koushik2003,0,saikoushik04,1325,koushik_04,0,26.45%
239,21r01a04p0,cmrit25_21r01a04p0,822,kumarram,0,0,21r01a04p0,1459,5may22,0,21r01a04p0,32,26.43%
240,21r01a6606,cmrit25_21r01a6606,841,21r01a6606,0,0,21r01a6606,0,chandravathi,1067,_21r01a6606,189,26.31%
241,21r01a05g0,rishivaran5g0,819,21r01ao3tc,30,1,rishivaran,0,rishivaran5go,1156,21r01a05g0,0,26.25%
242,21r01a05p8,cmrit25_21r01a05p8,833,rohan_adepu,0,34,21r01a05p8,0,rohan_adepu,882,21r01a05p8rohan,216,26.17%
243,21r01a6631,cmrit25_21r01a6631,808,21r01a6631,0,28,21r01a6631,0,cmr_21r01a6631,1139,21r01a6631,120,26.17%
244,21r01a6756,cmrit25_21r01a6756,780,21r01a6756,0,19,vyshnavi-04,0,r01a6756,1236,21r01a6756,142,26.15%
245,21r01a05g5,cmrit25_21r01a05g5,370,ruthikc11kv,40,2,ruthikchary,1450,ruthik25,1167,21r01a05g5,0,26.07%
246,21r01a0527,srilekha_527,578,,0,0,srilekha_3,1371,tinnu_3_3,857,21r01a0527,20,26.01%
247,21r01a04q7,21r01a04q7,348,21r01ae2ne,40,0,jahnavi_q7,1491,jahnavi_q7,1100,21r01a04q7,65,26%
248,21r01a05a4,cmrit25_21r01a05a4,905,21r01a05a4,0,4,vishnu_morapally,0,vishnu_a4,1013,21r01a05a4,35,25.96%
249,22r05a0401,cmrit25_22r05a0401,701,22r05a0401,10,52,22r05a0401,0,cmr_22r05a0401,1144,22r05a0401,195,25.86%
250,21r01a05a1,cmrit25_21r01a05a1,767,21r01a05a1,0,0,21r01a05a1,0,mehrajfatima,1155,21r01a05a1,247,25.85%
251,21r01a6738,cmrit25_21r01a6738,789,m_keerthi15,0,0,m_keerthi15,0,m_keerthi15,1348,21r01a6738,69,25.82%
252,21r01a7334,21r01a7334,358,,0,0,21r01a7334,1615,madhangoud34,1347,21r01a7334,5,25.75%
253,21r01a67e1,mounika_goda,819,21r01aswcv,0,0,21r01a67e1,0,mounika_goda,1240,21r01a67e1,62,25.71%
254,21r01a6605,cmrit25_21r01a6605,843,21r01a6605,0,9,21r01a6605,0,cmr_21r01a6605,1170,21r01a6605,29,25.71%
255,21r01a6649,cmrit25_21r01a6649,804,vinay2605,0,10,vinay2605,0,vinay2605,1155,21r01a6649,110,25.6%
256,21r01a0595,cmrit25_21r01a0595,726,21r01aem5o,26,37,21r01a0595,0,sadhvika12,1015,21r01a0595,145,25.56%
257,21r01a6798,21r01a6798,889,,0,0,,0,vandana2702,1069,21r01a67981,0,25.52%
258,21r01a66a3,21r01a66a3,762,21r01aup3f,10,30,21r01a66a3,0,manisha_75,1053,21r01a66a3,145,25.5%
259,21r01a67a3,cmrit25_21r01a67a3,826,21r01aebz4,0,0,21r01a67a3,0,v21r01a67a3,1216,21r01a67a3,25,25.35%
260,21r01a6701,21r01a6701,809,21r01a6701,0,9,sanjay6701,0,sanjay6701,1085,21r01a6701,109,25.22%
261,21r01a66a0,,0,srilekha_152,125,2,66a0,1406,srilekha_152,1316,21r01a66a0,169,25.18%
262,21r01a6731,cmrit25_21r01a6731,776,21r01a6731,0,5,prathyusha79,0,prathyusha79,1188,21r01a6731,110,25.07%
263,21r01a67a7,cmrit25_21r01a67a7,784,21r01a59yv,0,0,21r01a67a7,0,s_21r01a67a7,1271,21r01a67a7,40,24.95%
264,21r01a66c3,cmrit25_21r01a66c3,761,21r01a66c3,0,31,sunitha_12,0,sunitha_12,862,21r01a66c3,263,24.89%
265,21r01a0577,cmrit25_21r01a0577,349,21r01avor9,0,0,adithya0509,1385,adithya0509,1414,21r01a0577,35,24.89%
266,22r05a0425,cmrit25_22r05a0425,741,22r05azmzz,0,4,22r05a0425,1413,22r05a0425,0,22r05a0425,65,24.87%
267,21r01a66e4,21r01a66e4,377,21r01a6jdu,0,0,21r01a66e4,1412,r01a66e4,1248,21r01a66e4,60,24.84%
268,21r01a0425,cmrit25_21r01a0425,376,21r01a0425,0,0,21r01a0425,1435,cmr_21r01a0425,1222,21r01a0425,60,24.79%
269,21r01a7240,cmrit_21r01a7240,355,21r01aox04,9,15,21r01a7240,1447,saikiran_95,1106,21r01a7240,80,24.79%
270,21r01a05j2,21r01a05j2,782,21r01a05j2,0,0,21r01a05j2,0,ahmed4849,1303,21r01a05j2,5,24.78%
271,22r05a0421,22r05a0421,370,22r05ai9oy,30,5,22r05a0421,1436,nissar21,1036,22r05a0421,3,24.73%
272,21r01a05p0,21r01a05p0,820,21r01az74y,0,16,shva7,0,cmr_21r01a05p0,1030,21r01a05p0,49,24.73%
273,21r01a6680,cmrit25_21r01a6680,788,chabhi0z1r,0,6,chabhilash,0,chabhilash,1116,21r01a6680,89,24.7%
274,21r01a05r6,cmrit25_21r01a05r6,785,21r01a05r6,0,14,21r01a05r6,0,cmr_21r01a05r6,1045,21r01a05r6,119,24.7%
275,21r01a6724,cmrit25_21r01a6724,774,21r01a6724,0,0,vyshnavi_08,0,vyshnavi08,1200,21r01a6724,80,24.68%
276,21r01a6734,cmrit25_21r01a6734,784,21r01a6734,0,0,21r01a6734,0,r01a6734,1185,21r01a6734,67,24.67%
277,22r05a0507,cmrit25_22r05a0507,791,22r05a0507,0,20,n22r05a0507,0,n22r05a0507,1108,22r05a0507,35,24.58%
278,21r01a67f4,cmrit25_21r01a67f4,745,21r01a67f4,0,0,21r01a67f4,0,d21r01a67f4,1067,21r01a67f4,220,24.58%
279,22r05a0508,22r05a0508,817,22r05a57wl,0,25,22r05a0508,0,mahendar_mahi,980,22r05a0508,40,24.51%
280,21r01a6619,cmrit__2521r01a6619,820,sricharanteja,0,4,21r01a6619,0,sricharanteja9,1066,21r01a6619,25,24.39%
281,21r01a05g9,cmrit25_21r01a05g9,414,21r01a05g9,0,0,21r01a05g9,1452,srivarsha_31,1083,21r01a05g9,14,24.39%
282,21r01a7319,21r01a7319,1085,ganesh,0,33,ganeshjadav,0,g21r01a7319,0,21r01a7319,50,24.34%
283,21r01a6641,21r01a6641,739,21r01a6641,0,22,21r01a6641,0,ashritha92,985,21r01a6641,197,24.32%
284,21r01a0547,cmrit25_21r01a0547,799,21r01a0547_navadeep,0,0,21r01a0547,0,navadeep_1511,1115,21r01a0547,35,24.24%
285,21r01a6636,21r01a6636,783,,0,0,21r01a6636,0,h21r01a6636,1024,21r01a6636,119,24.14%
286,21r01a6652,cmrit25_21r01a6652,359,priyansigupta,30,0,priyansigupta,1267,priyansi_29,1046,21r01a6652,75,24.1%
287,21r01a6787,21r01a6787,783,,0,0,21r01a6787,0,cmr_21r01a6787,1192,21r01a6787,5,24.1%
288,22r05a0402,cmrit25_22r05a0402,364,22r05a0402,10,8,22r05a0402,1413,nikhil402,1104,22r05a0402,25,24.1%
289,21r01a0556,cmrit25_21r01a0556,783,cmr_21r01a0556,0,3,21r01a0556,0,cmr_21r01a0556,1157,21r01a0556,2,23.93%
290,21r01a66c5,cmrit25_21r01a66c5,609,21r01a66c5,10,88,t_devendar,0,devendar7987,1117,21r01a66c5,112,23.93%
291,21r01a67g0,cmrit25_21r01a67g0,365,21r01a67g0,0,0,21r01a67g0,1568,cmr_21r01a67g0,1084,21r01a67g0,0,23.91%
292,21r01a7363,cmrit25_21r01a7363,766,21r01akthx,0,17,21r01a7363,0,vinayreddy3,1045,21r01a7363,70,23.91%
293,21r01a0421,cmrit25_21r01a0421,365,21r01a0421,9,9,vijay_kumar946,1408,vijay421,1049,21r01a0421,45,23.91%
294,21r01a6760,cmrit25_21r01a6760,592,abhii_05,35,12,abhii_05,0,abhii_05,1256,21r01a6760,119,23.8%
295,21r01a0502,cmrit25_21r01a0502,752,21r01ak9vh,0,0,nithish_123,0,aletinithish,1249,21r01a0502,0,23.76%
296,21r01a0554,cmrit25_21r01a0554,807,r01a0554cmr,0,0,r01a0554cmr,0,r01a0554cmr,1055,cmr_21r01a0554,0,23.7%
297,21r01a7207,cmrit25_21r01a7207,736,21r01a7207,0,1,21r01a7207,0,a2101a7207,1085,21r01a7207,127,23.63%
298,21r01a6755,21r01a6755,350,,0,0,21r01a6755,1372,lalithya23,1274,lalithya_t,0,23.62%
299,21r01a66k1,sneha2884,789,21r01a66k1sneha,30,0,21r01a66k1,0,r01a66k1,826,21r01a66k1,0,23.52%
300,21r01a6664,cmrit25_21r01a6664,758,21r01a6664,0,8,21r01a6664,0,vignesh_2763,1026,21r01a6664,85,23.52%
301,21r01a66b3,21r01a66b3,802,21r01alkr4,0,23,21r01a66b3,0,saiteja73,856,21r01a66b3,52,23.47%
302,21r01a05e0,tejabathini70,371,tejabat54e6,0,0,naveenbathini,1408,naveenbathini3,1128,tejabathini70,5,23.41%
303,21r01a6722,shivaraj22,829,shivaraj,0,0,shivaraj,0,shivaraj15,934,gandhamshivaraj,0,23.41%
304,21r01a7219,cmrit25_21r01a7219,723,21r01a7219,0,0,cmr_21r017219,0,cmr_21r01a7219,1222,21r01a7219,36,23.32%
305,21r01a0514,,0,21r01a0514,120,67,21r01a0514,1244,cmr_21r01a0514,1123,21r01a0514,45,23.31%
306,21r01a0518,21r01a0518,760,21r01a0518,10,0,21r01a0518,0,cmr_21r01a0518,1059,21r01a0518,0,23.28%
307,21r01a6611,cmrit25_21r01a6611,696,21r01ax1n6,0,2,21r01a6611,0,b21r01a6611,884,21r01a6611,306,23.27%
308,21r01a04g4,cmrit25_21r01a04g4,359,21r01a04g4,0,0,21r01a04g4,1425,dhathrija_28,951,21r01a04g4,115,23.2%
309,21r01a7252,21r01a7252_divija,356,21r01a7252,0,0,21r01a7252,1409,divijapittala,1058,21r01a7252,57,23.16%
310,21r01a05f2,21r01a05f2,768,21r01a05f2,0,25,21r01a05f2,0,sketch5f2,900,21r01a05f2,59,23.15%
311,21r01a05m9,21r01a05m9,758,21r01a05m9,0,6,21r01a05m9,0,vishnu93,1036,21r01a05m9,45,23.14%
312,21r01a7214,cmrit25_21r01a7214,749,harshinibachu,0,0,harshinibachu,0,bachuharshini,1082,21r01a7214,35,22.98%
313,21r01a6703,cmrit25_21r01a6703,695,21r01a6703,0,7,21r01a6703,0,a21r01a6703,1209,21r01a6703,50,22.97%
314,21r01a6788,21r01a6788,724,6788_cmrit25,0,6,21r01a6788,0,r01a6788,908,21r01a6788,179,22.9%
315,21r01a0583,cmrit25_21r01a0583,709,21r01a0583,0,22,21r01a0583,0,sreeja_r21,1023,21r01a0583,86,22.85%
316,21r01a7205,21r01a7205,359,21r01a7205,0,0,21r01a7205,1372,akshita_911,1111,,0,22.78%
317,21r01a04k4,cmrit25_21r01a04k4,700,21r01a04k4,0,9,21r01a04k4,0,r01a04k4,963,21r01a04k4,172,22.76%
318,21r01a6732,cmrit25_21r01a6732,711,21r01a6732,0,0,21r01a6732,0,r01a6732,1147,21r01a6732,52,22.75%
319,21r01a67c2,cmrit25_21r01a67c2,768,21r01a67c2,0,0,21r01a67c2,0,shreeya72,1025,21r01a67c2,5,22.73%
320,21r01a6638,cmrit25_21r01a6638,765,21r01a6638,0,2,menganisaikiran,0,cmr_21r01a6638,947,21r01a6638,50,22.67%
321,21r01a05c3,cmrit25_21r01a05c3,763,sripadhasubest,0,0,sripadhasudharshan1,0,sripadha03,1017,sripadha03,0,22.53%
322,21r01a6614,cmrit25_21r01a6614,691,21r01a6614,0,13,,0,dsaibhavani,1037,21r01a6614,107,22.52%
323,21r01a0525,21r01a0525_harshini123,742,21r01au525,0,0,g.harshini,0,gharshini123,993,21r01a0525,50,22.42%
324,21r01a7313,21r01a7313,1024,21r01a7313,0,11,,0,,0,21r01a7313,45,22.4%
325,22r05a0420,cmirt25_22r05a0420,716,2r05azcln,0,0,bhavana420,0,bhavanareddy20,938,22r05a0420,124,22.23%
326,21r01a6692,cmrit25_21r01a6692,342,21r01a6692,0,0,21r01a6692,1415,cmr_21r01a6692,957,21r01a6692,50,22.2%
327,22r05a6713,22r05a6713,658,22r05a6713,10,8,22r05a6713,0,b22r05a6713,1193,22r05a6713,0,22.18%
328,21r01a7328,21r01a7328,1031,,0,0,,0,,0,21r01a7328,35,22.15%
329,21r01a7228,21r01a7228,706,21r01anlru,0,0,user0895hf,0,yashaswini84,1148,21r01a7228,0,22.15%
330,21r01a6642,21r01a6642,710,21r01a6642,0,2,21r01a6642,0,mani_6642,1035,21r01a6642,30,21.87%
331,21r01a67d5,cmrit25_21r01a67d5,773,cmr_21r01a67d5,0,0,cmr_21r01a67d5,0,cmr_21r01a67d5,875,cmr_21r01a67d5,0,21.85%
332,21r01a67a6,cmrit25_21r01a67a6,740,21r01a67a6,0,0,21r01a67a6,0,r01a67a6,886,21r01a67a6,64,21.84%
333,21r01a67d1,21r01a67d1,620,21r01alsjb,0,0,neha_ankush26,0,neha_ankush,1313,21r01a67d1,42,21.77%
334,21r01a67b7,cmrit25_21r01a67b7,717,21r01a67b7,0,0,21r01a67b7,0,harshith1753,1014,21r01a67b7,18,21.71%
335,21r01a7225,21r01a7225,785,anonymou99wv,0,0,anilgoud,0,anil66,625,21r01a7225,111,21.6%
336,21r01a6769,cmrit25_21r01a6769,746,21r01a6769gfg,0,0,21r01a6769lt,0,bandarimahesh,908,21r01a67691,10,21.58%
337,21r01a67g3,,0,mayaanambiar,70,0,maya_g3,1341,maya_g3,948,21r01a67g3,392,21.56%
338,21r01a6727,cmrit25_21r01a6727,580,guru_5,10,9,guru_5,0,guru_5,1202,21r01a6727,97,21.54%
339,21r01a6752,cmrit25_21r01a6752,578,21r01a6752,10,0,snehitha_siddi,0,snehitha_siddi,1185,21r01a6752,129,21.46%
340,21r01a6610,cmrit25_21r01a6610,600,21r01an34e,0,0,subodh994,1456,subodd994,0,subodh,0,21.41%
341,22r05a0510,22r05a0510,635,22r05a0510,0,0,,0,vaishu10,1231,22r05a0510,20,21.36%
342,21r01a67g8,21r01a67g8,601,21r01a67g8,0,0,21r01a67g8,0,noor_g8,898,21r01a67g8,310,21.33%
343,21r01a6622,cmrit25_21r01a6622,582,21r01a6622,0,13,21r01a6622,0,bhoomikacmr_16,1061,21r01a6622,203,21.28%
344,21r01a6620,cmrit_2521r01a6620,706,21r01anamx,0,21,,0,shrivarshini_1,901,,0,21.17%
345,22r05a6608,22r05a6608,702,22r05a6608,0,8,22r05a6608,0,abhishek4044,958,22r05a6608abhishek,0,21.09%
346,21r01a05e2,cmrit25_21r01a05e2,695,21r01a05e2,0,29,21r01a05e2,0,cmr_21r01a05e2,769,21r01a05e2,55,20.86%
347,21r01a7350,cmrit25_21r01a7350,694,good_learner09,0,0,goodlearner09,0,good_learner09,970,good_learner09,0,20.78%
348,21r01a6733,cmrit25_21r01a6733,575,21r01a6733,0,7,,0,cmr_21r01a6733,1141,21r01a6733,127,20.74%
349,21r01a67g2,21r01a67g2,605,21r01a67g2,0,0,21r01a67g2,0,cmr_21r01a67g2,1209,21r01a67g2,25,20.63%
350,21r01a67k1,21r01a67k1,606,21r01asqio,30,2,anushavempati,0,cmr_21r01a67k1,948,21r01a67k1,10,20.56%
351,22r05a6716,cmrit25_22r05a6716,413,22r05a6716,50,11,22r05a6716,0,rajashekar_67,1152,22r05a6716,157,20.51%
352,21r01a04m2,cmrit25_21r01a04m2,599,21r01a04m2,0,0,21r01a04m2,0,shashikanth32,1163,21r01a04m2,52,20.48%
353,21r01a6688,21r01a6688,561,21r01a6688,0,2,21r01a6688,1410,21r01a6688,0,21r01a6688,10,20.46%
354,21r01a0539,,0,21r01a0539,30,0,21r01a0539,1527,yogeshmadhine,1380,21r01a0539,105,20.45%
355,21r01a67j3,,0,21r01a67j3,0,0,21r01a67j3,1512,sasaank7,1305,21r01a67j3,326,20.38%
356,22r05a0519,22r05a0519,614,22r05a0519,0,0,22r05a0519_srinu,0,srinivas_189,1090,22r05a0519,46,20.28%
357,22r05a6706,22r05a6706,579,laxman06,0,6,22r05a6706,0,laxman019,1160,22r05a6706,57,20.25%
358,21r01a05k1,v.preethi,684,21r01a05k1,0,0,21r01a05k1,0,preethivarthya,909,21r01a05k1preethi,0,20.18%
359,22r05a0517,boy_123,949,22r05a0517,0,0,22r05a0517,0,varun_517,0,goudvarun495,0,20.08%
360,21r01a7307,cmr_21r01a7307,927,,0,0,,0,,0,21r01a7307,25,19.85%
361,22r05a0526,cmrit25_22r05a0526,578,nethikarewl,0,1,22r05a0526,0,r05a0526,1129,22r05a0526,47,19.8%
362,21r01a05n5,cmrit25_21r01a05n5,578,21r01aw4dd,0,19,21r01a05n5,0,r01a05n5,1029,21r01a05n5,55,19.74%
363,21r01a0572,cmrit25_21r01a0572,572,21r01a0572,0,14,vasundhara123,0,vasundhara2,1038,21r01a0572,75,19.73%
364,21r01a0541,21r01a0541,0,21r01a0541,60,0,vinuthnna_reddy,1325,vin_21r01a0541,1264,21r01a0541,60,19.72%
365,21r01a0506,21r01a0506,581,21r01a4d53,0,0,21r01a0506,0,sriram78,1144,21r01a0_506,10,19.57%
366,21r01a67b9,cmrit25_21r01a67b9,592,21r01a67b9,0,0,divya_411,0,divya68,771,21r01a67b9,201,19.3%
367,21r01a04q3,cmrit25_21r01a04q3,585,21r01alhwc,0,6,cmrit_21r01a04q3,0,cmrit25_4q3,935,21r01a04q3,92,19.3%
368,21r01a0591,cmrit25_21r01a0591,574,karnamvarq2le,0,12,varshith_591,0,varshith_591,917,21r01a0591,80,19%
369,21r01a67e9,21r01a67e9,0,21r01a67e9,20,0,21r01a67e9,1561,srikavya67e9,1265,21r01a67e9,32,18.69%
370,21r01a67h1,cmrit25_21r01a67h1,348,chaitanya,0,0,chaitanya_4441,1431,chaitanya_4441,439,chaitanya,0,18.68%
371,21r01a6794,cmrit25_21r01a6794,369,21r01a83ys,60,4,trishareddy,0,trishareddy94,1181,21r01a6794,0,18.61%
372,21r01a0437,21r01a0437,348,21r01a0437,90,0,cmr_21r01a0437,0,cmr_21r01a0437,1006,cmr_21r01a0437,0,18.59%
373,21r01a05r4,cmrit25_21r01a05r4,568,21r01a05r4,0,17,21r01a05r4shravani,0,sravs_76,811,21r01a05r4,102,18.56%
374,21r01a7365,cmr_21r01a7365,0,21r01a7365,0,83,21r01a7365,1347,cmr_21r01a7365,406,21r01a7365,589,18.54%
375,21r01a0574,,0,21r01a0574,60,18,21r01a0574,1320,cmr_21r01a0574,978,21r01a0574,70,18.48%
376,22r05a6610,cmrit25_22r05a6610,589,22r05acnoi,10,2,22r05a6610r,0,sairohith0822,820,22r05a6610,25,18.45%
377,21r01a05d9,21r01a05d9,375,21r01a05d9,29,39,21r01a05d9,0,s_21r01a05d9,1031,21r01a05d9,128,18.29%
378,21r01a6725,,0,rakesh_2425,29,0,rakesh_2425,1489,rakesh_2425,1238,rakesh_2425,0,18.27%
379,21r01a6634,,0,21r01a6634,192,1,nikitha92,1297,nikitha92,0,nikithareddy,0,18.26%
380,21r01a05j5,cmrit25_21r01a05j5,347,21r01a05j5,50,29,sreenath_5j5,0,sreenath_5j5,1137,21r01a05j5,25,18.25%
381,21r01a0560,cmrit2521r01a0560,599,21r01a64f2,0,0,21r01a0560,0,gangabhavani_9,858,21r01a0560,15,18.21%
382,21r01a67j5,cmrit25_21r01a67j5,443,anupamasu422g,10,4,anupama_33,0,anupama_93,1220,21r01a67j5,35,18.03%
383,21r01a04k0,21r01a04k0,795,21r01accwe,10,0,21r01a04k0,0,cmr21r01a04k0,0,21r01a04k0manoj,47,17.82%
384,21r01a67h5,cmrit25_21r01a67h5,0,21r01a67h5,0,0,21r01a67h5,1560,cmr_21r01a67h5,1139,21r01a67h5,135,17.79%
385,21r01a05q4,21r01a05q4,581,21r01a05q4,0,0,21r01a05q4,0,nikhilesh5q4,866,21r01a05q4,0,17.73%
386,21r01a05g4,cmrit25_21r01a05g4,460,21r01a05g4,0,11,21r01a05g4,0,r01a05g4,1225,,0,17.73%
387,21r01a04j5,cmrit25_21r01a04j5,0,21r01a04j5,30,0,21r01a04j5,1418,tanirudh,1206,21r01a04j5,0,17.7%
388,21r01a67k0,,0,21r01a67k0,0,8,21r01a67k0,1434,r01a67k0,1148,21r01a67k0,175,17.69%
389,21r01a6751,,0,21r01adg38,0,0,21r01a6751,1410,pravallika45,1432,21r01a6751,20,17.63%
390,21r01a04k9,cmrit25_21r01a04k9,563,21r01a04k9cmr,0,0,21r01a04k9,0,cmr21r01a04k9,765,21r01a04k9,92,17.6%
391,21r01a67f1,,0,21r01a67f1,0,13,kishore66,1431,kishore66,1193,21r01a67f1,115,17.52%
392,21r01a0417,cmrit25_21r01a0417,365,21r01a0417,9,11,21r01a0417,0,hanumanth4410,1233,21r01a0417,128,17.49%
393,21r01a0592,yaswanthnaidu4,572,,0,0,21r01a0592,0,yaswanthnaidu4,837,21r01a0592,0,17.36%
394,22r05a7303,chithram_saiteja,353,22r05aofi8,29,0,cmrit25_22r05a7303,0,sai_1211,1202,22r05a7303,65,17.22%
395,21r01a67h7,21r01a67h7_aashreetha,347,21r01a67h7aashreetha,30,0,21r01a67h7,0,aashreetha,1261,21r01a67h7,22,17.11%
396,21r01a0493,cmrit25_21r01a0493,0,21r01a0493,20,0,21r01a0493,1439,nand21r01a0493,997,21r01a0493,116,17.08%
397,21r01a05h7,cmrit25_21r01a05h7,708,21r01aezhm,29,6,21r01a05h7,0,sharanya34,0,21r01a05h7,25,16.97%
398,21r01a0428,cmrit_21r01a0428,0,21r01a0428,10,0,21r01a0428,1443,prasad428,1199,21r01a0428,20,16.9%
399,21r01a0416,cmrit25_21r01a0416,357,shashank416,10,19,shashankgurram03,0,gshashank416,1254,21r01a0416,32,16.8%
400,21r01a05f5,navaneeth5f5,413,21r01acqbq,0,8,navaneeth1103,0,navaneeth1103,1247,kalavalanavanee1,0,16.79%
401,21r01a0546,21r01a0546,0,sreejanarala,20,0,21r01a0546,1468,sree21r01a0546,1043,21r01a0546,35,16.76%
402,21r01a0589,cmrit25_21r01a0589,360,21r01ayusu,0,5,21r01a0589,0,anuh21r01a0589,1284,21r01a0589,90,16.68%
403,21r01a05l4,cmrit_21r01a05l4,385,,0,0,cmrit_harish5628,1409,cmrit_harish5628,0,21r01a05l4,8,16.65%
404,21r01a67e5,rashmitha54,787,,0,0,,0,,0,,0,16.65%
405,21r01a04r3,cmrit25_21r01a04r3,420,,0,0,21r01a04r3,0,d21r01a04r3,1172,21r01a04r3,40,16.63%
406,21r01a05k2,tejaa89,786,,0,0,,0,,0,21r01a05k2,0,16.63%
407,21r01a6776,,0,21r01a6776,0,9,21r01a6776,1303,rajesh6776,1133,21r01a6776,149,16.59%
408,22r05a6701,22r05a6701,356,22r05a7tt4,10,0,srinith_3,0,srinithreddy3,1280,srinith_3,44,16.54%
409,22r05a7202,cmrit25-22r05a7202,349,22r05a7202,0,0,kanakalaxmi,1409,22r05a7202,0,22r05a7202,69,16.48%
410,22r05a0502,22r05a0502,654,22r05a0502,30,22,22r05a0502,0,22r05a0502,0,22r05a0502,40,16.46%
411,21r01a66h6,cmrit25_21r01a66h6,374,anshitha_pallem,0,0,anshi_pallem,0,anshi_pallem,1132,21r01a66h6,148,16.44%
412,21r01a67a2,,0,,0,0,21r01a67a2,1396,cmr_21r01a67a2,1215,21r01a67a2,45,16.42%
413,21r01a05l6,cmrit_21r01a05l6,0,21r01a05l6,0,4,21r01a05l6,1381,ranjith_20,1143,21r01a05l6,90,16.42%
414,21r01a05b7,cmrit25_21r01a05b7,361,21r01a05b7,0,24,21r01a05b7,0,ramya_b7,943,21r01a05b7,224,16.37%
415,21r01a6675,21r01a6675,0,21r01ae7gl,0,5,21r01a6675,1439,varsha_146,1120,21r01a6675,55,16.31%
416,21r01a04p1,cmrit25_21r01a04p1,0,21r01a04p1,0,0,21r01a04p1,1505,s21r01a04p1,1011,21r01a04p1,93,16.25%
417,22r05a0411,cmrit25_22r05a0411,342,22r05a0411,0,0,22r05a0411,1434,22r05a0411,0,22r05a0411,40,16.2%
418,21r01a05k0,21r01a05k0,706,21r01a05k0,20,0,cmr_21r01a05k0,0,cmr_21r01a05k0,0,21r01a05k0,0,16.03%
419,21r01a6627,,0,nikhitha_2604,0,2,nikhitha_2604,1431,nikhitha_2604,1179,nikhitha2604@gmail.com,0,16.02%
420,21r01a7263,gaurav_saiteja,0,,0,0,gaurav_saiteja,1379,gaurav_saiteja,1210,gaurav_saiteja,0,15.85%
421,21r01a67b8,21r01a67b8,0,21r01a67b8,0,0,21r01a67b8,1419,cmr_21r01a67b8,1169,21r01a67b8,0,15.83%
422,21r01a0567,21r01a0567,413,21r01abk04,0,14,21r01a0567,0,saiteja567,1068,anumalasaiteja21r01a0567,0,15.83%
423,21r01a04h4,cmrit25_21r01a04h4,372,21r01a04h4,30,7,21r01a04h4,0,pavan_h4,963,21r01a04h4,5,15.8%
424,21r01a05h4,21r01a05h4,357,21r01aqj42,0,10,21r01a05h4,0,mallika1321,1175,21r01a05h4,50,15.69%
425,21r01a7215,dhansai,0,dhanswfst,0,0,dhansaib6,1393,dhansaib6,1140,dhansaib6,18,15.67%
426,21r01a67f9,,0,21r01a67f9,83,0,21r01a67f9,0,karthikf9,1128,21r01a67f9,422,15.67%
427,21r01a6746,cmrit25_21r01a6746,363,21r01a6746,0,4,21r01a6746,0,p21r01a6746,1214,21r01a6746,24,15.65%
428,21r01a05a5,cmrit25_21r01a05a5,361,muddasaniramya,18,0,ramyamuddasani,0,ramyamuddasani,953,21r01a05a5,104,15.6%
429,21r01a0553,srijaseepathi07,0,21r01a0553,0,0,srijaseepathi07,1504,srijaseepathi,993,srijaseepathi07,37,15.59%
430,21r01a05j0,cmrit25_21r01a05j0,362,21r01a05j0,0,15,21r01a05j0,0,sr21r01a05j0,1061,21r01a05j0,85,15.55%
431,21r01a0498,cmrit25_21r01a0498,393,21r01a0498,0,0,21r01a0498,0,samatha_498,989,21r01a0498,104,15.53%
432,21r01a05c9,cmrit25_21r01a05c9,358,21r01ab981,0,12,21r01a05c9,0,hamsika5c9,991,21r01a05c9,140,15.47%
433,22r05a0404,cmrit25_22r05a0404,357,22r05a0404,0,0,22r05a0404,0,chandu404,1170,22r05a0404,57,15.45%
434,21r01a6743,cmrit25_21r01a6743,354,nethaji_43,0,0,nethaji_43,0,nethaji_43,1267,nethaji_43,0,15.45%
435,22r05a7203,cmrit25_22r05a7203,0,@22r05a7203,0,0,shravansanjay,1481,shravansanjay,1017,22r05a7203,20,15.44%
436,21r01a05k7,cmrit25_21r01a05k7,368,21r01a05k7,0,9,21r01a05k7,0,cmrit5k7,986,21r01a05k7,121,15.39%
437,21r01a04b5,cmrit25_21r01a04b5,350,21r01a04b5,0,11,21r01a04b5,0,cmr_21r01a04b5,921,21r01a04b5,191,15.33%
438,21r01a0420,21r01a0420,350,21r01a0420,0,0,21r01a0420,0,cmr_21r01a0420,1216,21r01a0420,25,15.28%
439,21r01a6625,,0,,0,0,21r01a6625,1459,chakradar09,1043,,0,15.28%
440,21r01a0562,21r01a0562,396,21r01a0562,0,0,vedanthkankan,0,vedanthkankan,1037,21r01a0562,35,15.23%
441,21r01a04a0,cmrit25_21r01a04a0,369,21r01aoras,9,0,tharun4a0,0,thar21r01a04a0,1005,21r01a04a0,55,15.14%
442,21r01a04p6,cmrit25_21r01a04p6,354,,0,0,21r01a04p6,0,cmr_21r01a04p6,1133,21r01a04p6,55,15.13%
443,21r01a66g4,cmrit25_21r01a66g4,364,21r01a66g4,0,36,navya_66g4,0,navya66g4,838,21r01a66g4,120,15.1%
444,21r01a0461,cmr_21r01a0461,0,cmr_21r01a0461,0,0,cmr_21r01a0461,1455,cmr_21r01a0461,853,cmr_21r01a0461,102,15.05%
445,21r01a04e3,cmrit_2521r01a04e3,368,21r01ay9hv,10,0,anilkumar_4e3,0,anilkumar4e3,1007,21r01a04e3,40,15.04%
446,21r01a0492,cmrit25_21r01a0492,0,21r01amicz,0,0,21r01a0492,1410,kube21r01a0492,895,21r01a0492,99,15.01%
447,21r01a05m2,cmrit25_21r01a05m2,355,21r01an1s6,0,17,21r01a05m2,0,r01a05m2,1042,21r01a05m2,50,15%
448,21r01a04d3,21r01a04d3,0,,0,0,jhansi2k23,1388,jhansi2k23,966,21r01a04d3,62,14.97%
449,21r01a05k3,cmrit25_21r01a05k3,359,21r01a05k3,0,19,21r01a05k3,0,ruthvik5k3,1055,21r01a05k3,20,14.93%
450,21r01a04l3,cmrit25_21r01a04l3,693,,0,0,,0,vamhi56,0,21r01a04l3,25,14.9%
451,21r01a6774,cmrit25_21r01a6774,356,21r01a6774,0,0,,0,r01a6774,1168,,0,14.87%
452,21r01a04c9,cmrit25_21r01a04c9,381,21r01a04c9,0,0,surya_21r01a04c9,0,surya_04c9,1070,21r01a04c9,5,14.83%
453,21r01a6629,cmrit25_21r01a6629,373,21r01a6629,0,0,21r01a6629,0,deepak_029,1068,21r01a6629,20,14.79%
454,21r01a7247,cmrit25_21r01a7247,0,shadulmohaljnv,0,0,mohammad_shadulla,1412,mohammadshadul,999,,0,14.73%
455,21r01a0466,cmrit25_21r01a0466,562,,0,0,,0,vyshu_18,436,,0,14.63%
456,21r01a7223,cmrit25_21r01a7223,355,21r01aewni,0,0,21r01a7223,0,charishna,1068,21r01a7223,42,14.62%
457,21r01a6639,cmrit_21r01a6639,353,21r01aypux,0,24,cmrit_21r01a6639,0,udaycharan6639,947,21r01a6639,55,14.6%
458,21r01a7203,21r01a7203,0,21r01a7203,0,0,21r01a7203,1408,cmr21r01a7203,950,21r01a7203,20,14.59%
459,21r01a7232,cmrit25_21r01a7232,384,21r01a7232,0,0,jaddu_deviram,0,cmr_21r01a7232,1002,21r01a7232,5,14.47%
460,21r01a05p6,,0,21r01a05p6,0,7,21r01a05p6,1350,nainika_215p6,920,21r01a05p6,40,14.43%
461,21r01a05c8,cmrit25_21r01a05c8,355,21r01anhzo,0,0,shanmukh2410,0,shanmukh2410,923,21r01a05c8,106,14.33%
462,21r01a0475,21r01a0475,0,krupakarreddy,0,0,21r01a0475,1409,cmr_21r01a0475,913,21r01a0475,10,14.26%
463,21r01a67e8,21r01a67e8,423,21r01a67e8,0,9,21r01a67e8,0,joseph1820,559,21r01a67e8,159,14.23%
464,22r05a0522,cmrit25_22r05a0522,356,,0,0,,0,sunny522,998,22r05a0522,45,14.23%
465,21r01a04d9,cmrit25_21r01a04d9,378,cbhavaniprasad,0,0,21r01a04d9,0,bunnyy22,931,21r01a04d9,29,14.12%
466,21r01a0457,cmrit25_21r01a0457,572,21r01a0457,0,17,21r01a0457,0,21r01a0457,0,21r01a0457,161,14.11%
467,21r01a05c2,cmrit25_21r01a05c2,380,cmr_21r01a05c2,20,0,21r01a05c2,0,sravanikumari,754,21r01a05c2,20,14.06%
468,21r01a05m6,cmrit25_21r01a05m6,348,21r01acr0e,0,0,21r01a05m6,0,r01a05m6,1012,21r01a05m6,20,13.91%
469,22r05a0409,cmrit25_22r05a0409,377,,0,0,22ro5ao409,0,ravi22ro5ao409,752,22r05a0409,124,13.89%
470,21r01a67a5,adithya25,372,,0,0,adithyaa5,0,adithya_a5,951,,0,13.84%
471,21r01a6637,,0,,0,0,21r01a6637,1442,y21r01a6637,811,21r01asema,0,13.72%
472,22r05a0418,cmrit25_22r05a0418,348,22r05a0418megha,0,0,22r05a0418,0,meghana48,921,22r05a0418,59,13.71%
473,21r01a05d4,21r01a05d4,348,21r01a05d4,10,18,21r01a05d4,0,bhavana00,807,21r01a05d4,20,13.66%
474,21r01a6786,cmrit25_21r01a6786,361,21r01a6786,0,0,21r01a6786,0,premsai1029,888,21r01a6786,10,13.31%
475,21r01a6797,cmrit25_21r01a6797,357,21r01alizy,0,0,bhagirao,0,bhagirathrao,878,21r01a6797,10,13.16%
476,21r01a0483,cmrit25_21r01a0483,350,keerthanasg3,0,0,keerthana_sg,0,keerthanasg3,864,,0,12.83%
477,21r01a0426,cmrit25_21r01a0426,0,21r01a0426,18,0,cmrit25_21r01a0426,0,r01a0426,956,21r01a0426,603,12.78%
478,21r01a66j2,r01a66j2,0,21r01a66j2,39,0,21r01a66j2,1458,21r01a66j2,0,21r01a66j2,179,12.57%
479,21r01a05r7,21r01a05r7cse,569,cmrit_21r01a05r7,0,15,21r01a05r7,0,cmr21r01a05r7,0,yerranagulaanusha21r01a05r7,0,12.45%
480,22r05a7306,22r05a7306,575,22r05acyc5,0,10,22r05a7306,0,praveen_kuchi,0,praveenkumarkuchi,0,12.44%
481,21r01a6770,21r01a6770,568,,0,0,21r01a6770,0,cmrit2025_21r01a6770,0,21r01a6770,35,12.35%
482,21r01a05q5,alshay5q5,359,21r01a05q5,0,5,akshay5q5,0,akshay5q5,701,21r01a05q5,15,12.28%
483,21r01a6780,21r01a6780,572,,0,0,,0,21r01a6780,0,,0,12.1%
484,21r01a0456,cmrit25_21r01a0456,0,21r01a0456,0,29,21r01a0456,0,anjaneyulu7_4,1020,21r01a0456,460,11.62%
485,21r01a7356,21r01a7356,0,21r01a7356,10,25,21r01a7356,0,cmr_21r01a7356,1377,21r01a7356,108,10.92%
486,21r01a05g8,21r01a05g8,468,21r01a05g8,0,30,,0,cmr_21r01a05g8,0,21r01a05g8,18,10.9%
487,21r01a0458,prasad58,0,21r01a0458,30,11,21r01a0458,0,prasad71,1122,21r01a0458,167,10.59%
488,21r01a7357,21r01a7357,0,21r01ara1p,0,43,21r01a7357,0,cmr21r01a7357,1177,21r01a7357,200,10.49%
489,21r01a0460,21r01a0460,357,21r01a0460,0,29,indhu_24,0,indhu_24,0,21r01a0460,171,9.99%
490,21r01a05l0,,0,21r01a05l0,0,3,manognakumar,0,manognakumar,1467,21r01a05l0_manu,55,9.83%
491,21r01a7322,21r01a7322,0,21r01a7322,0,0,21r01a7322,1430,ramya_7322,0,21r01a7322,125,9.76%
492,21r01a67d4,,0,21r01a67d4,0,0,21r01a67d4,1411,cmr_21r01a67d4,0,21r01a67d4,107,9.47%
493,21r01a67j2,21r01a67j2,421,21r01aud18,10,0,,0,anirudh27,0,,0,9.45%
494,21r01a04a9,,0,pillisanjay,0,0,sanjay,1571,pillisanjay,0,21r01ao4a9,0,9.4%
495,21r01a6739,,0,21r01ali3f,30,0,21r01a6739,0,ali39,1213,21r01a6739,15,9.4%
496,21r01a67h8,cmrit25_21r01a67h8,0,21r01a2ifu,0,5,bhavya67h8,0,bhavya67h8,1285,21r01a67h8,122,9.38%
497,21r01a67f0,21r01a67f0,0,21r01a67fo,29,9,21r01a67f0,0,harish_52,1081,21r01a67f0,78,9.37%
498,21r01a6686,cmr_21r01a6686,0,21r01a5xsm,40,0,csm_21r01a6686,0,cmr_21r01a6686,1084,21r01a6686,30,9.28%
499,21r01a0478,,0,21r01a0478,0,0,21r01a0478,1424,21r01a0478,0,21r01a0478,60,9.1%
500,22r05a0405,cmrit25_22r05a0405,0,22r05a0405,0,11,22r05a0405,0,cmr_22r05a0405,1154,22r05a0405,160,9.09%
501,21r01a05a8,,0,21r01a05a8,10,8,21r01a05a8,0,pallavi2004,1149,21r01a05a8,112,9.06%
502,22r05a6601,,0,dinesh,0,0,dinesh,1507,dinesh,0,dineshbathula,0,9.02%
503,21r01a67h0,21r01a67h0,348,21r01a67h0,20,0,21r01a67h0,0,rahuloddepally,0,21r01a67h0,55,8.98%
504,21r01a0432,cmrit25_21r01a0432,0,21r01a0432,10,6,sanjaymallikarjuna28,0,sanjuz16,1235,21r01a0432,50,8.95%
505,21r01a6613,,0,21r01a98ql,0,12,21r01a6613,0,sheershitha_77,1091,21r01a6613,167,8.79%
506,21r01a66j3,cmrit25_21r01a66j3,361,21r01a66j3,0,10,21r01a66j3,0,cmrit25_21r01a66j3,0,cmrit_21r01a66j3,85,8.73%
507,21r01a05b3,,0,,0,0,pavanipuja,0,pavanipuja,1099,21r01a05b3,186,8.69%
508,21r01a0413,cmrit25_21r01a0413,382,21r01a0413,0,0,anusha,0,21r01a0413,0,21r01a0413,60,8.66%
509,21r01a0570,cmrit_21r01a0570,0,21r01a0570,26,4,21r01a0570,0,shreya_1_17,1085,21r01a0570,15,8.49%
510,21r01a04d2,21r01a04d2,0,21r01a04d2,0,2,21r01a04d2,0,akshith4d2,993,21r01a04d2,228,8.48%
511,22r05a7305,22r05a7305,360,22r05a7305,0,0,22r05a7305,0,22r05a7305,0,22r05a7305,90,8.48%
512,22r05a7304,nagendra7304,355,22r05a29c2,0,17,22r05a7304,0,nagendra7304,0,22r05a7304,50,8.46%
513,21r01a66d4,cmrit25_21r01a66d4,0,21r01amda7,0,14,cmr_21r01a66d4,0,cmr_21r01a66d4,1183,21r01a66d4,65,8.44%
514,21r01a0494,,0,21r01a0494@vamshi,0,0,21r01a0494,1410,21r01a0494@vamshi,0,21r01a0494@vamshi,0,8.44%
515,21r01a0575,,0,21r01aauhx,0,0,21r01a0575,0,chakri26,1170,21r01a0575,110,8.41%
516,21r01a04e9,cmrit25_21r01a04e9,0,21r01a04e9,0,0,21r01a04e9,0,r01a04e9,1008,sathwik_17,212,8.37%
517,21r01a7253,cmrit25_21r01a7253,372,gouthami,0,7,21r01a7253,0,gouthami,0,21r01a7253,25,8.3%
518,21r01a05c5,cmrit25_21r01a05c5,0,21r01a05c5,10,9,cmrit25_21r01a05c5,0,v_sruthi20,997,21r01a05c5,120,8.21%
519,21r01a0449,,0,,0,0,,0,sumanth_49,1231,21r01a0449,49,8.2%
520,21r01a7344,21r01a7344,0,21r01aordp,0,12,21r01a7344,0,cmr_21r01a7344,1183,21r01a7344,45,8.19%
521,21r01a67d2,,0,21r01a67d2,0,0,21r01a67d2,0,cmr_21r01a67d2,1289,21r01a67d2,7,8.16%
522,21r01a05j8,cmrit25_21r01a05j8,0,21r01aq09q,30,0,21r01a05j8lt,0,tevinj8,1038,hckrj8,0,8.16%
523,21r01a66c9,cmrit25_21r01a66c9,0,likhith_1216,0,0,likhith_1216,0,likhith_1216,1292,likhith_1216,0,8.12%
524,21r01a6718,,0,,0,0,,0,kousthub2003,1250,gkousthub,25,8.09%
525,22r05a0408,gangireddy9,0,22r05a7p6r,0,0,22r05a0408,0,cmr_22r05a0408,1209,22r05a0408,50,8.07%
526,21r01a0596,21r01a0596,0,21r01avr1q,0,5,21r01a0596,0,r01a0596,1158,21r01a0596,62,8.01%
527,21r01a0511,21r01a0511,359,21r01ae5x9,0,0,,0,,0,21r01a0511,38,7.96%
528,21r01a67d3,cmrit25_21r01a67d3,362,cmrit_21r01a67d3,0,11,cmrit_21r01a67d3,0,cmrit_21r01a67d3,0,cmrit_21r01a67d3,0,7.96%
529,21r01a04n1,21r01a04n1,347,21r01a05e9,0,4,aaishwarya_11,0,a21r01a4n1,0,21r01a04n1,52,7.95%
530,21r01a04r5,cmrit_21r01a04r5,348,21r01a04r5,0,0,21r01a04r5,0,chanduthunga,0,21r01a04r5,58,7.92%
531,22r05a6715,,0,22r05a6715,0,0,,0,bhavana6715,1120,22r05a6715,89,7.89%
532,21r01a05f3,cmrit25_21r01a05f3,0,21r01a05f3,0,25,21r01a05f3,0,cmr_21r01a05f3,965,21r01a05f3,119,7.89%
533,21r01a04f7,cmrit25_21r01a04f7,0,21r01a04f7,0,0,21r01a04f7,0,bindu_f7,869,21r01a04f7,253,7.89%
534,21r01a0594,shivasai_03,0,kondabattulaojvq,0,0,kondabattulashivasai143,0,shivasai_28,1255,cse_21r01a0594,0,7.88%
535,21r01a0408,,0,,0,0,,0,s_21r01a0408,1131,21r01a0408,79,7.86%
536,21r01a67e4,ganeshe4,0,ganeshe4,0,0,,0,cmr_21r01a67e4,1251,ganeshe4,0,7.86%
537,21r01a66j0,,0,raghavva5ljf,0,0,raghav-k,0,raghavk30,1250,21r01a66j01,0,7.85%
538,21r01a05m0,saitejareddy,0,saitejareddy,0,283,saitejareddy,0,saitejareddy,0,21r01a05m0,10,7.85%
539,21r01a05n9,21r01a05n9,350,21r01a05n9,0,12,21r01a05n9,0,manohar1012,0,21r01a05n9,10,7.83%
540,21r01a04g2,cmrit25_21r01a04g2,0,21r01a04g2,0,0,k.pranavi,0,pranavi_27,890,21r01a04g2,230,7.8%
541,21r01a0435,,0,cmrit_21r01a0435,0,0,cmrit_21r01a0435,0,cmr_21r01a0435,1239,cmrit_21r01a0435,0,7.78%
542,21r01a05a2,cmrit25_21r01a05a2,0,21r01a05a2,0,0,21r01a05a2,0,s21ro1ao5a2,1091,21r01a05a2,95,7.77%
543,21r01a6728,cmrit25_21r01a6728,0,,0,0,21r01a6728,0,saipriya2003,1182,21r01a6728,35,7.76%
544,21r01a0587,,0,21r01a0587,0,0,deekshith_87,0,deekshith_587,1226,21r01a0587,0,7.7%
545,21r01a6704,cmrit25_21r01a6704,0,,0,0,,0,mahi6704,1103,21r01a6704,80,7.7%
546,21r01a7353,cmrit25_21r01a7353,0,21r01a7353,0,23,21r01a7353,0,hain21r01a7353,736,21r01a7353,254,7.69%
547,21r01a0453,cmrit25_21r01a0453,0,,0,0,21r01a0453,0,hanvitha_10,1069,21r01a0453,101,7.69%
548,21r01a05f8,cmrit25_21r01a05f8,0,21r01ao5f8,10,15,21r01a05f8,0,abhiram5f8,1047,21r01a05f8,15,7.68%
549,21r01a04e7,cmrit25_21r01a04e7,362,udaygudala,0,0,udaygudala,0,udaygudala,0,udaygudala,0,7.66%
550,21r01a7355,,0,,0,0,,0,mesiddhartharl,1219,me_siddhartharl,0,7.66%
551,22r05a6720,,0,22r05a6720,0,0,srilaxmi20,0,srilaxmi20,1154,22r05a6720,42,7.65%
552,21r01a0434,cmrit25_21r01a0434,0,,0,0,21r01a0434,0,akshu66,1007,21r01a0434,137,7.64%
553,21r01a7326,cmrit25_21r01a7326,361,21r01a7326,0,0,21r01a7326,0,21r01a7326,0,21r01a7326,0,7.64%
554,22r05a6719,,0,22r05a6719,0,0,22r05a6719,0,prashanth0023,1193,22r05a6719,10,7.59%
555,21r01a0440,,0,21r01auz8t,0,0,21r01a0440,0,chanduja_21r01,1199,,0,7.53%
556,22r05a6717,cmrit25_22r05a6717,0,22r05afiff,0,0,22r05a6717,0,vishnu717,1161,22r05a6717,22,7.5%
557,21r01a04r6,cmrit25_21r01a04p6,354,,0,0,,0,,0,,0,7.49%
558,21r01a6706,,0,,0,0,,0,dilipkumar970,1180,bonagiridilipku1,8,7.49%
559,22r05a0524,,0,22r05atpli,0,5,22r05a0524,0,shivani524,1100,22r05a0524,45,7.48%
560,21r01a05l3,,0,21r01a05l3,10,2,21r01a05l3,0,viswas14,1089,21r01a05l3,0,7.44%
561,21r01a04l4,cmrit25_21r01a04l4,0,21r01a04l4,0,0,21r01a04l4,0,yella04l4,1068,21r01a04l4,67,7.35%
562,21r01a6763,,0,,0,0,,0,srija_reddie16,1169,,0,7.34%
563,21r01a05c1,cmrit25_21r01a05c1,0,21r01a05c1,0,0,vaishnav_c1,0,vaishanv_c1,1167,21r01a05c1,0,7.33%
564,21r01a7249,ace_22,0,ace2207,0,0,kamal_mudiraj_,0,ace_223,1167,ace_22.,0,7.33%
565,21r01a6644,,0,21r01aozhy,10,0,s21r01a6644,0,s21r01a6644,1079,21r01a6644,0,7.32%
566,21r01a6737,cmrit25_21r01a6737,0,21r01a6737,0,0,bhavana_6737,0,bhavana_6737,1115,21r01a6737,30,7.29%
567,22r05a0516,m.vamshi22r05a0516,0,22r05a0516,0,0,22r05a0516,0,vamshi9989,1160,,0,7.29%
568,21r01a05q2,,0,,0,0,,0,mahendra45,1153,mahendra5q2,0,7.24%
569,21r01a7256,cmrit_21r01a7256,0,21r01a7256,0,0,21r01a7256,0,r01a7256,1140,21r01a7256,5,7.21%
570,21r01a04b3,21r01a04b3,0,@spandana,0,0,spandana,0,spandana63,1076,21r01a04b3,45,7.19%
571,21r01a0573,,0,datta73,0,0,datta73,0,datta73,1143,21r01a0573,0,7.18%
572,21r01a0419,cmrit25_21r01a0419,0,21r01a0419,0,0,21r01a0419,0,ganesh0_2,1019,21r01a0419,77,7.14%
573,21r01a6609,,0,21r01abvpo,0,0,21r01a669,0,a21r01a6609,976,21r01a6609,105,7.14%
574,21r01a6742,chandana_200,0,,0,0,,0,manichandana20,1102,21r01a6742,20,7.11%
575,21r01a6654,,0,21r01a7zg7,0,4,kitu_4414,0,saikrishna414,1098,21r01a6654,10,7.1%
576,21r01a7257,vaishnavi_017,0,21r01ax608,0,0,vaishnavisingireddy,0,vaishnavisingi,1101,vaishnavisingir1,19,7.1%
577,22r05a0414,,0,santhosh_630,0,0,,0,sai_630,1128,22r05a0414,0,7.09%
578,21r01a0555,,0,21r01a0555,0,0,,0,sanju_555,1120,21r01a0555,5,7.08%
579,21r01a05b0,21r01a05b0,0,21r01a05b0,0,0,21r01a05b0,0,surabhi_nanda,1030,21r01a05b0,62,7.07%
580,21r01a04k1,cmrit_21r01a04k1,0,21r01a04k1,0,17,21r01a04k1,0,pranaykumar22,868,21r01a04k1,117,7.04%
581,21r01a0455,,0,21r01aakaq,10,2,cmr_21r01a0455,0,cmr_21r01a0455,1025,,0,7.04%
582,21r01a0401,,0,21r01asn26,0,0,,0,a21r01a0401,1027,21r01a0401,60,7.03%
583,21r01a6713,,0,,0,0,,0,sahithya04,1118,,0,7.02%
584,22r05a0415,cmrit_22r05a0415,0,,0,0,,0,yamini319,986,22r05a0415,84,7%
585,21r01a7224,cmrit25_21r01a7224,0,21r01arg58,20,0,21r01a7224,0,nikitha7224,896,21r01a7224,25,6.96%
586,21r01a0446,akhilperala,0,21r01a0446,0,0,21r01a0446,0,akhilperala,1069,cmrit_21r01a0446,25,6.95%
587,21r01a0433,cmrit25-21r01a0433,0,21r01a0433,10,2,manojkumar25_,0,manojkumar_25,978,21r01a0433,20,6.94%
588,21r01a04j0,cmrit_21r01a04j0,0,,0,0,21r01a04j0,0,sharathraju,834,21r01a04j0,176,6.93%
589,22r05a0407,cmrit25_22r05a0407,0,,0,0,,0,cmr22r05a0407,996,22r05a0407,67,6.9%
590,21r01a7241,cmrit25_21r01a7241,0,21r01ak3qo,0,1,,0,r01a7241,843,21r01a7241,164,6.9%
591,21r01a7220,cmrit25_21r01a7220,0,21r01a7220,0,0,cmr_21r01a7220,0,cmr_21r01a7220,1091,21r01a7220,0,6.85%
592,21r01a67d0,,0,21r01abd8o,0,0,21r01a67d0,0,h21r01a67d0,1077,,0,6.77%
593,21r01a6750,shivabalajirongala,0,shivabalajvywn,10,2,shivabalaji,0,shivabalaji96,954,21r01a6750shiva,17,6.76%
594,21r01a67j1,cmrit25_21r01a67j1,0,21r01a67j1,0,0,21r01a67j1,0,cmr_21r01a67j1,1072,cmr_21r01a67j1,0,6.73%
595,21r01a0490,21r01a0490,0,21r01afled,0,0,21r01a0490,0,mani40,978,21r01a0490,60,6.72%
596,21r01a0540,21r01a0540,0,21r01agbwd,0,0,21r01a0540,0,pramodreddy78,1020,21r01a0540,26,6.66%
597,21r01a7231,cmrit_21r01a7231,0,21r01a7231,0,0,21r01a7231,0,sneha_7231,1014,21r01a7231,27,6.63%
598,21r01a0448,cmrit2025_21r01a0448,0,,0,0,sanjana_0448,0,cmr21r01a0448,1055,sanjana21r01a0448,0,6.63%
599,21r01a05c6,,0,21r01a05c6,0,0,21r01a05c6,0,mani_shankar,1053,21r01a05c6,0,6.61%
600,21r01a6730,,0,,0,0,srikesh_30,0,srikesh30q,1047,,0,6.58%
601,21r01a05p9,21r01a05p9,0,21r01ae9yw,0,0,21r01a05p9,0,hari05p9,970,21r01a05p9,50,6.57%
602,21r01a0581,cmrit25_21r01a0581,0,21r01a3aac,0,0,21r01a0581,0,akarsh99,1041,21r01a0581,0,6.54%
603,21r01a6702,,0,,0,0,,0,deekshithardy,1033,deekshithardy,0,6.49%
604,21r01a7250,cmrit25_21r01a7250,0,21r01a7250,0,9,21r01a7250,0,adarsha_630,796,21r01a7250,128,6.48%
605,21r01a04h9,cmrit25_21r01a04h9,0,,0,0,21r01a04h9,0,adithya_h9,962,21r01a04h9,45,6.47%
606,21r01a04l9,21r01a04l9,0,21r01a04l9,0,0,koushik_04l9,0,koushik_4l9,990,cmrit_21r01a04l9,25,6.46%
607,21r01a04f3,n21r01a04f3,0,21r01a04f3,0,0,21r01a04f3,0,n21r01a04f3,1027,21r01a04f3,0,6.45%
608,21r01a66a7,,0,21r01ahd2u,0,15,21r01a66a7,0,nnithin,778,21r01a66a7,120,6.45%
609,21r01a05m8,cmrit25_21r01a05m8,0,21r01a05m8,0,0,21r01a05m8,0,sahithi_136,975,21r01a05m8,30,6.41%
610,22r05a6704,,0,,0,0,,0,cmr_22r05a6704,1020,,0,6.41%
611,21r01a7222,cmrit25_21r01a7222,0,21r01a7222,0,0,mounikad25,0,dmounika_22,923,21r01a7222,62,6.39%
612,21r01a04d0,cmr_21r01a04d0,0,,0,0,21r01a04d0,0,rajeshpatel04,983,21r01a04d0,22,6.39%
613,21r01a67b4,r01a67b4,0,21r01a67b4,0,0,pokalanandini2,0,r01a67b4,1015,pokalanandini2,0,6.38%
614,21r01a0565,cmrit25_21r01a0565,0,21r01a0565_lohitha,0,0,21r01a0565_lohitha,0,cmr_21r01a0565,977,21r01a0565,24,6.37%
615,21r01a6604,cmrit_21r01a6604,0,ranjeeth_123,0,0,21r01a6604,0,ranjeeth_123,997,21r01a6604,10,6.36%
616,21r01a04g5,cmrit_21r01a04g5,0,21r01a04g5,0,0,21r01a04g5,0,shoiab_786,945,21r01a04g5,40,6.32%
617,21r01a04m1,cmrit_21r01a04m1,0,21r01a04m1,0,11,21r01a04m1,0,shalini76,792,cmrit_21r01a04m1,107,6.3%
618,21r01a0430,cmrit_25_21r01a0430,0,21r01a0430,0,4,lahari_1234,0,laharika_30,781,21r01a0430,132,6.28%
619,21r01a05b2,purella_abhilash,0,21r01a16da,0,0,21r01a05b2,0,cmr_5b2,997,21r01a05b2,0,6.26%
620,22r05a0509,cmrit25_22r05a0509,0,22r05a0509,0,0,sruthi66,0,sruthi66,965,22r05a0509,20,6.25%
621,21r01a6607,,0,21r01a6607,0,0,21r01a6607,0,sri_21r01a6607,995,21r01a6607,0,6.25%
622,21r01a04m6,nithin4545,0,yadavnitqd2d,0,0,nithin4545,0,nithin4545,995,gollanithin,0,6.25%
623,21r01a7246,mekalasridhar,0,,0,0,mekalasridhar,0,sridhar46,991,21r01a7246,0,6.22%
624,21r01a0538,,0,21r01araze,0,8,,0,hansika33,906,21r01a0538,30,6.2%
625,21r01a7239,,0,,0,0,,0,siri_sanjana,859,21r01a7239,83,6.19%
626,21r01a66e3,,0,21r01az3lh,0,4,21r01a66e3,0,meghana_2309,851,21r01a66e3,75,6.18%
627,21r01a67j4,cmrit2025_21r01a67j4,0,21r01a67j4,0,0,21r01a67j4,0,nanda_2403,731,21r01a67j4,164,6.17%
628,21r01a0496,cmrit25_21r01a0496,0,21r01a0496,0,0,anil496,0,anil21r01a0496,754,21r01a0496,145,6.13%
629,21r01a04m9,cmrit25_21r01a04m9,0,21r01a7xgj,0,6,21r01a04m9_cmrit,0,glavanya,840,21r01a04m9,70,6.11%
630,21r01a66c2,,0,21r01a2kn7,0,0,shivani_47,0,shivani_47,950,shivani_47,15,6.11%
631,22r05a6714,22r05a6714,0,,0,0,,0,aravindpuli,969,,0,6.09%
632,21r01a7201,cmrit25_21r01a7201,0,,0,0,21r01a7201,0,aharshitha_31,798,21r01a7201,109,6.06%
633,21r01a0532,,0,21r01a0532,0,12,21r01a0532,0,cmr_21r01a0532,889,21r01a0532,15,6.06%
634,21r01a05g2,cmrit25_21r01ao5g2,0,21r01ako2r,0,15,sumith12,0,sumith12,859,21r01a05g2,25,6.05%
635,21r01a6745,cmrit25_21r01a6745,0,,0,0,,0,sanjana81,962,,0,6.04%
636,21r01a7264,,0,21r01a7264,0,5,,0,rahul_1508,924,21r01a7264,10,6.04%
637,21r01a6708,,0,,0,0,,0,srinika_08,959,,0,6.02%
638,21r01a7361,,0,21r01aq0so,0,6,turpatipranit,0,p21r01a7361,779,21r01a7361,95,5.97%
639,21r01a0479,,0,,0,0,cmr_21r01a0479,0,cmr_21r01a0479,945,cmr_21r01a0479,0,5.94%
640,22r05a7206,cmrit25_22r05a7206,0,22r05ak3up,0,0,22r05a7206,0,r05a7206,891,22r05a7206,35,5.93%
641,21r01a6705,banothulaxmipathibalaji,0,balaji,0,0,,0,balaji_54,880,21r01a7205,42,5.93%
642,21r01a05q0,s_5q0,0,21r01a05q0,0,0,21r01a05q0,0,sai5q0,942,21r01a05q0,0,5.92%
643,21r01a7261,,0,,0,0,,0,cmr21r01a7261,938,,0,5.89%
644,21r01a05f7,,0,kaushik5f7,0,0,kaushik5f7,0,kaushik5f7,937,kaushik5f7,0,5.89%
645,21r01a04j8,cmrit25_21r01a04j8,0,21r01acwpw,0,0,21r01a04j8,0,nikhil_j8,936,nikhil_4j8,0,5.88%
646,21r01a05l1,,0,21r01a05l1cmrit,0,0,21r01a05l1cmrit,0,selveenagrace0,913,21r01a05l1cmrit,15,5.88%
647,21r01a66f8,cmrit25_21r01a66f8,0,21r01az5i6,0,0,21r01a66f8,0,keerthi24h,784,21r01a66f8,98,5.87%
648,21r01a7218,,0,srisrivastav863,0,4,srivastav_4327,0,cmr_21r01a7218,874,21r01a7218_cmr,27,5.86%
649,21r01a6663,,0,rakeshvooradi,0,1,rakesh4100,0,rakesh4100,922,21r01a6663,0,5.82%
650,21r01a04d6,,0,,0,0,,0,sushmitha2k23,841,21r01a04d6,55,5.81%
651,21r01a67a9,raghava_04,0,,0,0,raghava_04,0,raghava_04,924,21r01a67a9,0,5.8%
652,21r01a6778,,0,21r01a6778,0,0,21r01a6778,0,dhari2003,911,21r01a6778,5,5.77%
653,21r01a7227,,0,,0,0,,0,cmr_21r01a7227,912,prashanthkumar,0,5.73%
654,21r01a05k6,,0,21r01a05k6,0,1,21r01a05k6,0,cmr_21r01a05k6,894,21r01a05k6,0,5.64%
655,21r01a6768,21r01a6768,0,21r01a5k5x,0,0,shruthi_40,0,ballishruthi4,834,21r01a6768,40,5.62%
656,21r01a0522,,0,,0,0,,0,solomonsolo,894,,0,5.62%
657,21r01a04g1,,0,21r01a04g1,0,0,21r01a04g1,0,k21r01a04g1,816,21r01a04g1,45,5.56%
658,21r01a6789,cmrit_21r01a6789,0,21r01atc3f,0,0,21r01a6789,0,vijay_6789,880,,0,5.53%
659,21r01a0489,21r01a0489,0,21r01a0489,0,0,21r01a0489,0,cmr_21r01a0489,801,21r01a0489,50,5.51%
660,21r01a67a1,,0,21r01arlco,0,0,21r01a67a1,0,nikhi05,851,21r01a67a1,10,5.44%
661,21r01a05r0,,0,,0,0,21r01a05r0,0,cmr_21r01a05r0,863,,0,5.42%
662,21r01a0418,,0,jampuladinesh,0,0,jampuladinesh,0,dinesh_418,744,21r01a0418,70,5.35%
663,21r01a05b9,,0,21r01abng1,0,0,21r01a05b9,0,kiran5b9,803,21r01a05b9,20,5.24%
664,21r01a66h2,,0,21r01a66h2,0,5,21r01a66h2,0,cmr_21r01a66h2,808,21r01a66h2,0,5.21%
665,21r01a0517,,0,21r01aawgu,0,13,,0,maheshdasari,750,21r01a0517,15,5.21%
666,21r01a7244,,0,,0,0,,0,priyanka_12_03,761,21r01a7244,40,5.16%
667,21r01a6762,,0,21r01a6762,0,0,,0,s21r01a6762,804,21r01a6762,10,5.15%
668,21r01a04p8,,0,21r01aiyjw,0,0,21r01a04p8,0,nethimeghana,734,21r01a04p8,52,5.11%
669,21r01a7245,cmrit25_21r01a7245,0,,0,0,,0,nithisha_45,720,21r01a7245,60,5.1%
670,21r01a0464,21r01a0464,0,,0,0,bhumika464,0,bhumika36,659,21r01a0464,97,5.07%
671,21r01a7202,,0,abrar_waseem10,0,0,abrar_waseem10,0,abrarwaseem10,806,abrar_waseem10,0,5.06%
672,21r01a6721,,0,,0,0,,0,cmr_21r01a6721,796,gampaadithya,0,5%
673,21r01a04a6,,0,21r01a04a6,0,5,narasimha_4a6,0,narasimha4a6,768,,0,4.96%
674,21r01a7260,,0,,0,0,,0,telgadam_rahul,785,,0,4.93%
675,21r01a67b3,,0,21r01a67b3,0,0,21r01a67b3,0,cmr_21r01a67b3,741,21r01a67b3,25,4.89%
676,21r01a7237,,0,,0,0,,0,arunreddy26,761,21r01a7237,5,4.83%
677,21r01a04r9,cmrit25_21r01a04r9,0,21r01a04r9,0,0,21r01a04r9,0,p21r01a04r9,648,21r01a04r9,72,4.76%
678,21r01a66b2,,0,,0,0,,0,xenon0096,756,,0,4.75%
679,21r01a0568,,0,21r01amhbr,0,0,21r01a0568,0,deekshitha777,746,21r01a0568deekshitha,0,4.69%
680,21r01a7255,21r01a7255,0,,0,0,,0,sai_21r01a7255,694,21r01a7255,25,4.6%
681,21r01a04r7,,0,21r01ah779,0,0,cmrit_21r01a04r7,0,shiva4r7,676,21r01a04r7,30,4.53%
682,21r01a05n2,cmrit25-21r01a05n2,0,21r01a05n2,0,0,cmr_21r01a05n2,0,yashwanth5n2,665,21r01a05n2,5,4.23%
683,21r01a05b4,cmrit25_21r01a05b4,0,,0,0,,0,dheeraj_mithra,671,21r01a05b4,0,4.21%
684,21r01a04q2,21r01a04q2,0,21r01a04q2,0,0,s_21r01a04q2,0,s_21r01a04q2,670,,0,4.21%
685,21r01a04f0,cmrit25_21r01a04f0,0,21r01a04f0,0,0,pradeepthi1207,0,pradeepthi1207,612,21r01a04f0,30,4.13%
686,21r01a05q1,21r01a05q1,0,21r01a05q1,0,0,21r01a05q1,0,manish5q1,657,21r01a05q1,0,4.13%
687,22r05a0412,cmrit25_22r05a0412,0,,0,0,,0,mounika_90,608,22r05a0412,30,4.11%
688,21r01a05d5,,0,,0,0,21r01a05d5,0,keerthana1017,631,21r01a05d5,5,4.01%
689,21r01a0474,,0,21r01a2ifz,0,0,arvind_412,0,arvind412,626,,0,3.93%
690,21r01a05n1,,0,,0,0,rahul05n1,0,rahul05n1,626,rahul05n1,0,3.93%
691,21r01a6645,,0,,0,0,,0,cmr21r01a6645,623,,0,3.91%
692,21r01a05g3,cmrit25_21r01a05g3,0,21r01a05g3,30,15,21r01a05g3,0,21r01a05g3,0,21r01a05g3,53,2.56%
693,21r01a6616,,0,21r01ackt3,0,2,21r01a6616,0,?saiteja630,0,21r01a6616,258,2.53%
694,21r01a05f4,21r01a05f4,0,21r01a05f4,30,2,21r01a05f4,0,cmrit25_21r01a05f4,0,21r01a05f4,56,2.23%
695,21r01a6655,21r01a6655,0,21r01aoqdn,0,25,21r01a6655,0,sahil216655,0,21r01a6655,97,1.62%
696,22r05a0513,,0,22r05a0513,0,19,22r05a0513,0,saichandra513,0,22r05a0513,60,1.1%
697,21r01a0454,sanjay,0,,0,0,,0,,0,21r01a0454,100,0.96%
698,21r01a6679,,0,,0,0,,0,,0,21r01a6679,95,0.91%
699,21r01a66k0,,0,,0,0,,0,yamini_1101,0,21r01a66k0,95,0.91%
700,21r01a0488,21r01a0488,0,21r01a0488,0,0,21r01a0488,0,21r01a0488,0,21r01a0488,95,0.91%
701,21r01a04e0,,0,21r01a04e0,0,0,pavithra,0,21r01a04e0,0,21r01a04e0,92,0.88%
702,21r01a66a4,cmrit25_21r01a66a4,0,21r01a0pqr,0,4,sai_pratheeka_,0,pratheekaa4,0,21r01a66a4,72,0.8%
703,21r01a04b8,,0,21r01a04b8,10,0,21r01a04b8,0,21r01a04b8,0,21r01a04b8,25,0.79%
704,21r01a0452,cmrit25_21r01a0452,0,21r01a0452,0,0,21r01a0452,0,cmr_21r01a0452,0,21r01a0452,78,0.75%
705,21r01a04q4,cmrit25_21r01a04q4,0,ponnasri10kn,0,0,lc21r01a04q4,0,s21r01a04q4,0,21r01a04q4,77,0.74%
706,21r01a66d2,,0,,0,0,,0,,0,21r01a66d2,75,0.72%
707,21r01a04d1,,0,,0,0,rasagna_123,0,21r01a04d1,0,21r01a04d1,75,0.72%
708,21r01a66k4,,0,21r01a66k4,0,0,,0,srija_66,0,21r01a66k4,75,0.72%
709,21r01a7351,,0,,0,0,,0,,0,21r01a7351,74,0.71%
710,21r01a67h3,,0,21r01a67h3,10,0,21r01a67h3,0,,0,21r01a67h3,15,0.69%
711,21r01a66h7,,0,,0,0,,0,,0,21r01a66h7,70,0.67%
712,21r01a7206,,0,21r01a7206,0,0,21r01a7206,0,p21r01a7206,0,21r01a7206,67,0.64%
713,21r01a04h8,,0,,0,0,,0,,0,21r01a04h8,67,0.64%
714,21r01a04k8,,0,,0,0,,0,,0,21r01a04k8,67,0.64%
715,21r01a04a7,saikumarreddy21r01a04a7,0,saikumarreddy,0,0,pvsaikumarreddy,0,pvsaikumarreddy,0,21r01a04a7,65,0.62%
716,21r01a04g9,cmrit2025_21r01a04g9,0,21r01ah3iu,0,0,21r01a04g9,0,cmr_21r01a04g9,0,21r01a04g9,65,0.62%
717,21r01a0445,,0,,0,0,,0,thribhuvan_123,0,21r01a0445,65,0.62%
718,21r01a05d1,21r01a05d1cmrit25,0,21r01a05d1,10,2,21r01a05d1,0,21r01a05d1,0,21r01a05d1,0,0.6%
719,21r01a04p5,,0,,0,0,,0,d21r01a04p5,0,21r01a04p5,62,0.6%
720,21r01a04r0,21r01a04r0,0,21r01a04r0,0,0,cmrit4r0,0,cmrit4r0,0,21r01a04r0,62,0.6%
721,22r05a0423,cmrit25_22r05a0423,0,22r05a0423,0,4,22r05a0423,0,,0,22r05a0423,49,0.58%
722,21r01a0409,21r01a0409,0,,0,0,,0,s798976804,0,21r01a0409,60,0.58%
723,21r01a04n4,cmrit_21r01a04n4,0,21r01a04n4,0,0,21r01a04n4,0,pavanjukuntla,0,21r01a04n4,60,0.58%
724,22r05a6612,,0,,0,0,,0,,0,22r05a6612,56,0.54%
725,21r01a0501,,0,,0,0,,0,,0,21r01a0501,55,0.53%
726,21r01a04m7,,0,,0,0,,0,,0,21r01a04m7,55,0.53%
727,21r01a04p7,cmrit25_21r01a04p7,0,,0,0,21r01a04p7,0,n21r01a04p7,0,21r01a04p7,55,0.53%
728,21r01a66d0,,0,,0,0,,0,,0,21r01a66d0,55,0.53%
729,22r05a0422,cmrit25_22ro5a0422,0,,0,0,,0,,0,22r05a0422,55,0.53%
730,21r01a04n9,cmrit25_21r01a04n9,0,,0,0,21r01a04n9,0,21r01a04n9,0,21r01a04n9,51,0.49%
731,21r01a66j5,,0,21r01ah8qh,0,0,satla_varshini,0,varshini_123,0,21r01a66j5,50,0.48%
732,21r01a0442,21r01a0442,0,21r01a0442,0,0,21r01a0442,0,cmr_21r01a0442,0,21r01a0442,50,0.48%
733,21r01a67h2,,0,21r01a67h2,0,0,21r01a67h2,0,cmr_21r01a67h2,0,21r01a67h2,47,0.45%
734,21r01a0470,,0,21r01a0470,0,0,,0,21r01a0470,0,21r01a0470,47,0.45%
735,22r05a0426,,0,,0,0,,0,,0,22r05a0426,47,0.45%
736,21r01a04n3,,0,,0,0,jaligam,0,,0,21r01a04n3,47,0.45%
737,21r01a0443,udaykiran,0,21r01a0443,0,0,udaykiran,0,21r01a0443,0,21r01a0443,46,0.44%
738,22r05a0525,,0,22r05a0525,0,16,22r05a0525,0,cmr22r05a0525,0,,0,0.44%
739,22r05a6705,,0,dharavathshekar,0,16,dharavathshekar,0,dharavathshekar,0,,0,0.44%
740,21r01a0597,21r01a0597,0,21r01a0597,0,0,vamshi_yadav2727,0,vamshiyadav07,0,21r01a0597,45,0.43%
741,21r01a04p9,cmrit25_21r01a04p9,0,21r01a04p9,0,0,21r01a04p9,0,cmrit25_21r01a04p9,0,21r01a04p9,45,0.43%
742,21r01a04c0,,0,21r01a04c0,0,0,21r01a04c0,0,21r01a04c0,0,21r01a04c0,45,0.43%
743,21r01a0438,21r01a0438,0,21r01a0438,0,0,21r01a0438,0,21r01a0438,0,21r01a0438,42,0.4%
744,21r01a05g1,cmrit25-21r01a05g1,0,21r01a05g1,0,7,geetha75,0,21r01a05g1,0,21r01a05g1,20,0.38%
745,21r01a0579,,0,21r01azt73,0,14,21r01a0579,0,akshith579,0,darlaakshith21r01a0579,0,0.38%
746,21r01a04r8,cmrit_21r01a04r8,0,,0,0,likitha_r8,0,likitha_r8,0,21r01a04r8,37,0.36%
747,21r01a0465,cmrit25_21r01a0465,0,21r01a0465,0,0,21r01a0465,0,21r01a0465,0,21r01a0465,35,0.34%
748,21r01a04n6,guru98,0,,0,0,21r01a04n6-cmrit25,0,guru98,0,21r01a04n6,35,0.34%
749,21r01a04r2,,0,21r01a04r2,0,0,21r01a04r2,0,21r01a04r2,0,21r01a04r2,35,0.34%
750,21r01a04a3,,0,nithin,0,0,nithin,0,nithin,0,21r01a04a3,30,0.29%
751,21r01a04q6,cmrit25_21r01a04q6,0,,0,0,rishitha_27,0,rishitha_27,0,21r01a04q6,30,0.29%
752,21r01a66h4,,0,,0,0,shivateja_54,0,shiva54,0,21r01a66h4,30,0.29%
753,21r01a0503,,0,21r01a3qwb,0,0,21r01a0503,0,hrithik55,0,21r01a0503,30,0.29%
754,21r01a7325,,0,,0,0,21r01a7325,0,cmr_21r01a7325,0,21r01a7325,30,0.29%
755,21r01a05n6,,0,21r01a05n6,0,2,21r01a05n6,0,cmr_21r01a05n6,0,21r01a05n6,20,0.25%
756,21r01a04q5,,0,21r01aciqg,0,0,21r01a04q5,0,c21r01a04q5,0,21r01a04q5,25,0.24%
757,21r01a04h2,21r01a04h2,0,gowtham_h2,0,0,21r01a04h2,0,gowtham_h2,0,21r01a04h2,25,0.24%
758,21r01a0586,21r01a0586_shiva,0,21r01a0586,0,0,21r01a0586,0,21r01a0586,0,21r01a0586,24,0.23%
759,21r01a05q7,,0,21r01au8ud,0,3,21r01a05q7,0,ttanvi,0,21r01a05q7,15,0.23%
760,21r01a0584,,0,,0,0,,0,,0,21r01a0584,20,0.19%
761,21r01a66h3,,0,21r01a0x4f,0,0,cmrit_25_21r01a66h3,0,vyshnavi_1705,0,21r01a66h3,20,0.19%
762,21r01a0431,21r01a0431,0,narendharreddy431,0,0,narendharreddy431,0,narendharreddy431,0,21r01a0431,20,0.19%
763,21r01a0507,sairajballa,0,sairajb512y,0,0,21r01a0507,0,sairaj11,0,21r01a0507,15,0.14%
764,21r01a66j7,cmrit25_21r01a66j7,0,21r01ab7js,0,0,21r01a66j7,0,irfanshaik24,0,21r01a66j7,15,0.14%
765,21r01a67g4,21r01a67g4,0,,0,0,,0,rasagna_69,0,21r01a67g4,15,0.14%
766,21r01a05l2,cmrit25_21r01a05l2,0,21r01a2nbs,0,0,21r01a05l2,0,r01a05l2,0,21r01a05l2,15,0.14%
767,22r05a6615,,0,22r05ah2t0,0,0,,0,mounith_reddy,0,22r05a6615,15,0.14%
768,21r01a0515,cmrit2025_21r01a0515,0,21r01a7db5,0,0,ch.arunkumar,0,ch.arunkumar,0,21r01a0515,15,0.14%
769,21r01a0447,21r01a0447,0,ragula,0,0,ajay447,0,21r01a0447,0,21r01a0447,15,0.14%
770,21r01a04q9,21r01a04q9,0,,0,0,,0,,0,cmrit_21r01a04q9,15,0.14%
771,21r01a04m0,,0,21r01a04m0,0,0,21r01a04m0,0,21r01a04m0,0,21r01a04m0,14,0.13%
772,21r01a6624,,0,21r01a6624,0,1,21r01a6624,0,,0,21r01a6624,10,0.12%
773,21r01a04l1,,0,,0,0,rahul04l1,0,21r01a04l1,0,21r01a04l1,12,0.12%
774,21r01a6790,21r01a6790,0,21r01a6790,0,0,tagore,0,21r01a6790,0,21r01a6790,10,0.1%
775,21r01a05c7,,0,v_siddharth38,0,0,,0,,0,21r01a05c7,10,0.1%
776,21r01a04l0,,0,,0,0,,0,,0,21r01a04l0,10,0.1%
777,21r01a05n4,21r01a05n4,0,21r01a05n4,0,3,bhargavi,0,bhargavi,0,bhargavi,0,0.08%
778,21r01a04r1,,0,21r01a04r1,0,0,21r01a04r1,0,21r01a04r1,0,21r01a04r1,7,0.07%
779,21r01a0402,,0,,0,0,cmrit25_21r01a0402,0,,0,21r01a0402,7,0.07%
780,21r01a0450,,0,21r01a0450,0,0,21r01a0450,0,21r01a0450,0,21r01a0450,5,0.05%
781,21r01a6603,vamshi6603,0,21r01a6603,0,0,vamshi,0,vamshi6603,0,21r01a6603,5,0.05%
782,21r01a0404,,0,21r01a0404vipul,0,0,21r01a0404vipul,0,21r01a0404vipul,0,21r01a0404,5,0.05%
783,21r01a04b0,cmrit25_21r01a04b0,0,21r01aqt3k,0,0,21r01a04b0,0,kranthi_2612,0,21r01a04b0,5,0.05%
784,21r01a04c4,,0,21r01a04c4,0,0,21r01a04c4,0,cmr_21r01a04c4,0,21r01a04c4,5,0.05%
785,22r05a6607,,0,,0,0,jashwanth03,0,jashwanth_03,0,22r05a6607,5,0.05%
786,21r01a04l5,,0,21r01a04l5,0,0,,0,chandan,0,21r01a04l5,5,0.05%
787,21r01a0530,21r01a0530,0,21r01anoiv,0,0,21r01a0530,0,gnanavardhan,0,21r01a0530,5,0.05%
788,21r01a05f6,,0,21r01a05f6,0,0,21r01a05f6,0,cmr_21r01a05f6,0,21r01a05f6,5,0.05%
789,21r01a0468,,0,21r01a0468,0,0,chanti,0,21r01a0468,0,21r01a0468,5,0.05%
790,21r01a66d3,,0,21r01a62wc,0,1,,0,cmr_21r01a66d3,0,21r01a66d3,0,0.03%
791,21r01a7229,,0,,0,0,,0,,0,,0,0%
792,21r01a7235,cmrit25_21r01a7235,0,,0,0,,0,,0,,0,0%
793,21r01a7242,,0,,0,0,,0,,0,,0,0%
794,21r01a7248,,0,,0,0,,0,cmr21r01a7248,0,,0,0%
795,21r01a0535,21r01a0535,0,srishanth,0,0,srishanth,0,srishanth_18,0,,0,0%
796,21r01a0571,,0,,0,0,,0,,0,,0,0%
797,21r01a0580,cmrit25_21r01a0580,0,21r01ahaqd,0,0,21r01a0580,0,santhosh580,0,21r01a0580,0,0%
798,21r01a0588,,0,,0,0,,0,,0,,0,0%
799,21r01a0590,,0,,0,0,,0,,0,manikantacharan,0,0%
800,21r01a0598,,0,,0,0,,0,,0,priyanshraj15,0,0%
801,21r01a05a0,,0,21r01a05a0shadab01,0,0,21r01a05a0,0,21r01a05a0shadab01,0,21r01a05a0,0,0%
802,21r01a05c4,cmrit25_21r01a05c4,0,ribka_0230,0,0,ribka_0230,0,ribka_0230,0,ribka_0230,0,0%
803,21r01a05e4,,0,,0,0,,0,,0,,0,0%
804,21r01a05h9,,0,,0,0,,0,,0,,0,0%
805,21r01a05m3,,0,21r01a4b5o,0,0,21r01a05m3,0,gowthami_2003,0,21r01a05m3,0,0%
806,21r01a05p1,,0,,0,0,,0,,0,pavan,0,0%
807,21r01a05q8,,0,,0,0,,0,,0,,0,0%
808,21r01a05q9,21r01a05q9,0,cmrit25_21r01a05q9,0,0,,0,cmrit25_21r01a05q9,0,21r01a05q9,0,0%
809,22r05a0504,,0,22r05a0504,0,0,,0,22r05a0504,0,22r05a0504,0,0%
810,21r01a6608,,0,,0,0,,0,,0,,0,0%
811,21r01a6621,,0,,0,0,,0,,0,,0,0%
812,21r01a6626,,0,,0,0,,0,,0,,0,0%
813,21r01a6647,,0,,0,0,,0,,0,,0,0%
814,21r01a6653,,0,21r01a6653,0,0,,0,,0,,0,0%
815,21r01a6658,,0,,0,0,,0,,0,,0,0%
816,21r01a6661,,0,banni2261,0,0,banni2261,0,banni2261,0,banni2261,0,0%
817,21r01a6668,,0,,0,0,,0,,0,,0,0%
818,21r01a6674,,0,,0,0,,0,,0,,0,0%
819,21r01a6678,,0,,0,0,,0,,0,,0,0%
820,21r01a6691,,0,,0,0,,0,,0,,0,0%
821,21r01a6697,,0,,0,0,,0,,0,,0,0%
822,21r01a6698,,0,,0,0,,0,,0,,0,0%
823,21r01a66b4,,0,,0,0,,0,,0,,0,0%
824,21r01a66c1,,0,,0,0,,0,,0,,0,0%
825,21r01a66c8,,0,,0,0,,0,,0,,0,0%
826,21r01a66d1,,0,,0,0,,0,,0,,0,0%
827,21r01a66e6,,0,,0,0,,0,,0,,0,0%
828,21r01a66f0,,0,,0,0,,0,,0,,0,0%
829,21r01a66f1,,0,21r01a8ttj,0,0,21r01a66f1,0,r01a66f1,0,,0,0%
830,21r01a66f2,,0,,0,0,,0,,0,,0,0%
831,21r01a66f5,,0,,0,0,,0,,0,,0,0%
832,21r01a66g0,,0,,0,0,,0,21r01a66g0,0,,0,0%
833,21r01a66g2,,0,,0,0,,0,,0,,0,0%
834,21r01a66g3,,0,,0,0,,0,,0,,0,0%
835,21r01a66g5,,0,,0,0,,0,,0,,0,0%
836,21r01a66g9,,0,,0,0,,0,,0,,0,0%
837,21r01a66j1,,0,,0,0,,0,,0,,0,0%
838,21r01a66j4,,0,21r01aaq6n,0,0,,0,t21r01a66j4,0,,0,0%
839,21r01a66j8,umesh,0,umesh_1021,0,0,21r01a66j8,0,umesh_1021,0,umesh_1021,0,0%
840,21r01a66j9,,0,,0,0,,0,,0,,0,0%
841,21r01a66k3,,0,navya_0229,0,0,,0,navya_0229,0,navya_0229,0,0%
842,22r05a6609,,0,,0,0,,0,,0,,0,0%
843,22r05a6619,cmrit25_22r05a6619,0,,0,0,,0,,0,bhavika6619,0,0%
844,22r05a6620,,0,,0,0,,0,,0,,0,0%
845,21r01a7302,,0,,0,0,,0,,0,,0,0%
846,21r01a7306,,0,,0,0,,0,,0,,0,0%
847,21r01a7308,saketh08,0,21r01asaz1,0,0,saketh08,0,saketh08,0,21r01a7308,0,0%
848,21r01a7311,,0,,0,0,,0,,0,,0,0%
849,21r01a7318,,0,,0,0,,0,,0,,0,0%
850,21r01a7320,,0,21r01a7320,0,0,21r01a7320,0,21r01a7320,0,21r01a7320,0,0%
851,21r01a7327,,0,,0,0,,0,,0,,0,0%
852,21r01a7329,,0,,0,0,,0,,0,,0,0%
853,21r01a7332,,0,,0,0,,0,,0,,0,0%
854,21r01a7336,,0,,0,0,,0,,0,,0,0%
855,21r01a7340,,0,,0,0,,0,,0,jahnavi,0,0%
856,21r01a7352,,0,,0,0,,0,,0,,0,0%
857,21r01a7354,,0,,0,0,,0,,0,,0,0%
858,21r01a7364,,0,,0,0,,0,,0,,0,0%
859,22r05a7307,,0,,0,0,,0,,0,,0,0%
860,21r01a6707,21r01a6707,0,,0,0,vishn8868,0,,0,,0,0%
861,21r01a6710,,0,,0,0,,0,,0,,0,0%
862,21r01a6716,,0,,0,0,,0,,0,,0,0%
863,21r01a6773,,0,,0,0,,0,,0,,0,0%
864,21r01a6777,,0,,0,0,,0,,0,,0,0%
865,21r01a6781,,0,,0,0,,0,,0,,0,0%
866,21r01a6783,,0,,0,0,,0,,0,,0,0%
867,21r01a6784,cmrit25_21r01a6784,0,21r01a6784,0,0,21r01a6784,0,21r01a6784,0,21r01a6784,0,0%
868,21r01a6785,21r01a6785,0,,0,0,21r01a6785,0,m21r01a6785,0,21r01a6785,0,0%
869,21r01a6793,,0,,0,0,,0,,0,,0,0%
870,21r01a67a0,,0,,0,0,,0,,0,,0,0%
871,21r01a67c5,,0,,0,0,,0,,0,,0,0%
872,21r01a67c6,,0,,0,0,,0,,0,,0,0%
873,21r01a67d9,rakeshreddy11,0,,0,0,,0,,0,,0,0%
874,21r01a67f5,cmrit25_21r01a67f5,0,cmrit25_21r01a67f5,0,0,cmrit25_21r01a67f5,0,cmrit25_21r01a67f5,0,cmrit25_21r01a67f5,0,0%
875,21r01a67j8,,0,21r01amz9e,0,0,21r01a67j8,0,,0,telugugiridhar21r01a67j8,0,0%
876,22r05a6703,,0,,0,0,,0,,0,,0,0%
877,22r05a6711,,0,,0,0,,0,,0,,0,0%
878,21r01a0405,,0,,0,0,,0,,0,,0,0%
879,21r01a0406,,0,,0,0,nandini,0,nandini,0,nandini,0,0%
880,21r01a0423,,0,,0,0,,0,,0,,0,0%
881,21r01a0439,,0,,0,0,21r01a0439,0,nallurimanasa,0,,0,0%
882,21r01a0444,,0,p.varsha,0,0,varsha,0,varsha,0,varsha,0,0%
883,21r01a0463,,0,,0,0,,0,,0,,0,0%
884,21r01a0467,,0,,0,0,,0,,0,,0,0%
885,21r01a0477,,0,,0,0,,0,,0,,0,0%
886,21r01a0481,,0,,0,0,,0,,0,,0,0%
887,21r01a0482,,0,21r01a0482,0,0,21r01a0482,0,,0,21r01a0482,0,0%
888,21r01a04a2,,0,,0,0,,0,,0,,0,0%
889,21r01a04a4,,0,,0,0,,0,,0,,0,0%
890,21r01a04a5,,0,,0,0,,0,,0,,0,0%
891,21r01a04a8,,0,21r01a04a8,0,0,p.meghana,0,pettemumeghana,0,21r01a04a8,0,0%
892,21r01a04c3,naveenthuppathi,0,t.naveen,0,0,t.naveen,0,t.naveen,0,t.naveen,0,0%
893,21r01a04c6,,0,,0,0,,0,,0,,0,0%
894,21r01a04c8,,0,21r01a04c8,0,0,,0,21r01a04c8,0,21r01a014c8,0,0%
895,21r01a04d8,,0,,0,0,,0,,0,,0,0%
896,21r01a04e1,4.00e+01,0,,0,0,,0,,0,4.00e+01,0,0%
897,21r01a04f1,,0,,0,0,,0,,0,,0,0%
898,21r01a04f4,,0,21r01a04f4,0,0,,0,,0,cmrit25_21r01a04f4,0,0%
899,21r01a04f8,,0,,0,0,,0,,0,,0,0%
900,21r01a04g0,,0,,0,0,,0,,0,,0,0%
901,21r01a04l2,,0,,0,0,,0,,0,,0,0%
902,21r01a04l7,,0,,0,0,,0,,0,naveen,0,0%
903,21r01a04l8,,0,,0,0,,0,,0,,0,0%
904,21r01a04m5,,0,,0,0,,0,,0,,0,0%
905,21r01a04n2,,0,,0,0,,0,,0,,0,0%
906,21r01a04q8,,0,,0,0,,0,,0,,0,0%
907,22r05a0403,,0,,0,0,,0,,0,,0,0%
908,22r05a0413,,0,,0,0,,0,,0,,0,0%
909,22r05a0419,,0,,0,0,,0,,0,,0,0%
910,21r01a7208,,0,,0,0,,0,,0,,0,0%
911,21r01a7213,,0,21r01abuuu,0,0,21r01a7213,0,cmrit25_21r01a7213,0,21r01a7213,0,0%
912,21r01a7236,,0,,0,0,,0,,0,,0,0%
913,21r01a0529,,0,,0,0,,0,,0,,0,0%
914,21r01a05l8,,0,eeshapingili,0,0,21r01a05l8,0,eeshapingili,0,pingilieesha,0,0%
915,22r05a0506,,0,,0,0,,0,,0,siddu,0,0%
916,22r05a0511,22r05a0511p,0,22r05a0511,0,0,,0,22r05a0511,0,ganapathisandeep22r05a0511,0,0%
917,21r01a6660,,0,,0,0,,0,,0,,0,0%
918,21r01a6671,,0,,0,0,,0,,0,,0,0%
919,21r01a66e8,,0,,0,0,,0,,0,,0,0%
920,21r01a66k2,,0,,0,0,,0,,0,,0,0%
921,22r05a6602,,0,bhukya_sumam,0,0,suman@123,0,,0,suman,0,0%
922,21r01a7337,,0,,0,0,,0,,0,,0,0%
923,21r01a7349,,0,,0,0,,0,harshitha_75,0,,0,0%
924,21r01a6709,,0,,0,0,,0,,0,,0,0%
925,21r01a6736,,0,,0,0,,0,,0,,0,0%
926,21r01a67k2,,0,,0,0,,0,,0,,0,0%
927,21r01a0415,,0,g.shivasai,0,0,g.shivasai,0,shivasai,0,g.shivasai,0,0%
928,21r01a0451,,0,,0,0,,0,,0,,0,0%
929,21r01a0472,,0,,0,0,,0,,0,,0,0%
930,21r01a0499,,0,,0,0,,0,,0,,0,0%
931,22r05a0417,,0,,0,0,,0,,0,,0,0%
932,21r01a7204,,0,,0,0,,0,,0,,0,0%
933,22r05a7201,,0,,0,0,,0,,0,,0,0%
934,21r01a05a7,,0,,0,0,,0,,0,,0,0%
935,21r01a05a9,,0,,0,0,21r01a05a9,0,varshith,0,varshithpandre16,0,0%
936,21r01a05e8,,0,,0,0,,0,,0,ashwitha_59,0,0%
937,21r01a6662,,0,,0,0,,0,,0,,0,0%
938,21r01a6694,,0,,0,0,,0,,0,,0,0%
939,21r01a66b7,,0,,0,0,,0,,0,,0,0%
940,21r01a66c0,,0,sushmitharekha,0,0,rekhasushmitha,0,sushmitharekha,0,sushmitharekha,0,0%
941,21r01a66d8,,0,,0,0,,0,,0,,0,0%
942,21r01a66e1,,0,,0,0,21r01a66e1,0,vardhan_29,0,vardhan_29,0,0%
943,21r01a66e7,,0,,0,0,,0,,0,,0,0%
944,21r01a66f3,,0,,0,0,,0,,0,,0,0%
945,21r01a66f7,,0,,0,0,,0,,0,,0,0%
946,22r05a6616,,0,,0,0,,0,,0,,0,0%
947,21r01a7303,21r01a7303,0,,0,0,aletiruchitha,0,,0,,0,0%
948,21r01a7338,,0,,0,0,,0,,0,,0,0%
949,21r01a6753,,0,,0,0,,0,,0,,0,0%
950,21r01a6792,,0,,0,0,,0,,0,,0,0%
951,21r01a67j9,,0,,0,0,,0,,0,,0,0%
952,22r05a6709,,0,,0,0,,0,,0,,0,0%
953,22r05a6712,,0,,0,0,sukumar7796,0,,0,,0,0%
954,21r01a0427,,0,21r01azy8a,0,0,kpoojitha,0,r01a0427,0,,0,0%
955,21r01a04e4,,0,,0,0,,0,,0,,0,0%
956,21r01a04j4,,0,,0,0,,0,,0,,0,0%
957,21r01a04j9,,0,,0,0,,0,,0,,0,0%
958,21r01a04k2,,0,,0,0,,0,,0,,0,0%
959,21r01a04k6,,0,,0,0,,0,,0,,0,0%
960,21r01a04p4,shivacharan27,0,21r01a04p4,0,0,,0,cmr_21r01a04p4,0,21r01a04p4,0,0%
961,21r01a7221,,0,,0,0,,0,,0,,0,0%
962,21r01a7230,,0,,0,0,,0,,0,,0,0%
963,21r01a7234,,0,,0,0,,0,,0,,0,0%
964,21r01a0576,,0,,0,0,,0,,0,,0,0%
965,21r01a05h5,,0,,0,0,,0,,0,,0,0%
966,21r01a05r2,,0,,0,0,,0,,0,,0,0%
967,21r01a6643,,0,,0,0,,0,,0,,0,0%
968,21r01a66b9,,0,,0,0,,0,,0,,0,0%
969,21r01a66g8,,0,,0,0,,0,,0,,0,0%
970,21r01a7323,,0,,0,0,,0,,0,,0,0%
971,21r01a7346,kittu7346,0,kittu7346,0,0,,0,kittu7346,0,kittu7346,0,0%
972,21r01a7359,,0,,0,0,,0,,0,,0,0%
973,21r01a6723,,0,,0,0,,0,,0,,0,0%
974,21r01a6748,,0,,0,0,,0,,0,,0,0%
975,21r01a6779,,0,,0,0,,0,,0,,0,0%
976,21r01a67j6,,0,,0,0,,0,,0,,0,0%
977,22r05a6707,,0,,0,0,,0,,0,kumaraswamy,0,0%
978,22r05a6708,,0,,0,0,,0,,0,,0,0%
979,21r01a0462,,0,,0,0,,0,,0,,0,0%
980,21r01a04e8,,0,,0,0,,0,,0,,0,0%
981,21r01a04h0,,0,,0,0,,0,,0,,0,0%
982,21r01a04h6,,0,,0,0,,0,,0,,0,0%
983,21r01a04j3,,0,,0,0,,0,,0,,0,0%
984,21r01a04j7,,0,,0,0,,0,,0,,0,0%
985,21r01a04n5,,0,,0,0,,0,,0,,0,0%
986,21r01a7211,cmrit25_21r01a7211,0,,0,0,21r01a7211,0,21r01a7211deepak,0,,0,0%
987,21r01a7216,,0,,0,0,,0,,0,,0,0%
988,22r05a7205,cmrit25_22r05a7205,0,,0,0,,0,,0,,0,0%
989,21r01a0542,,0,,0,0,,0,dharmesh14,0,dharmesh14,0,0%
990,21r01a05b1,,0,,0,0,,0,,0,,0,0%
991,21r01a05b5,,0,,0,0,,0,,0,,0,0%
992,21r01a05e9,,0,,0,0,,0,,0,,0,0%
993,21r01a05k4,,0,,0,0,,0,,0,,0,0%
994,21r01a05p7,,0,,0,0,,0,,0,,0,0%
995,21r01a6656,,0,,0,0,,0,,0,,0,0%
996,21r01a6659,,0,,0,0,,0,,0,,0,0%
997,21r01a6667,,0,,0,0,,0,,0,,0,0%
998,21r01a66g6,,0,,0,0,,0,,0,,0,0%
999,22r05a6606,,0,,0,0,,0,,0,,0,0%
1000,21r01a6729,,0,jellasherry,0,0,jellasherry,0,,0,jellasherry,0,0%
1001,21r01a6747,,0,,0,0,,0,,0,,0,0%
1002,21r01a67b0,,0,,0,0,,0,,0,,0,0%
1003,21r01a0412,,0,,0,0,21r01a0412,0,prashanth412,0,21r01a0412,0,0%
1004,21r01a04c1,,0,,0,0,,0,,0,,0,0%
1005,21r01a04m4,,0,kavyanjali,0,0,,0,,0,,0,0%
1006,21r01a04m8,,0,,0,0,,0,,0,,0,0%
1007,21r01a04q0,,0,,0,0,,0,,0,,0,0%
1008,21r01a7226,,0,,0,0,,0,,0,,0,0%
1009,21r01a0505,,0,,0,0,,0,,0,,0,0%
1010,21r01a05e7,,0,,0,0,,0,dev21r01a05e7,0,devimrinal21r01a05e7,0,0%
1011,21r01a05l7,,0,,0,0,,0,,0,,0,0%
1012,21r01a05q6,cmrit25_21r01a05q6,0,,0,0,,0,,0,,0,0%
1013,22r05a0523,,0,,0,0,,0,,0,,0,0%
1014,21r01a6684,,0,,0,0,,0,,0,,0,0%
1015,21r01a66j6,,0,21r01a66j6,0,0,,0,rohan_setti,0,21r01a66j6,0,0%
1016,21r01a7305,,0,,0,0,,0,,0,,0,0%
1017,21r01a7331,,0,,0,0,,0,,0,,0,0%
1018,21r01a7339,,0,,0,0,,0,,0,,0,0%
1019,21r01a6754,,0,,0,0,,0,,0,,0,0%
1020,21r01a67c3,,0,,0,0,,0,,0,,0,0%
1021,21r01a67c4,,0,,0,0,,0,,0,21r01a67c4,0,0%
1022,21r01a67c9,,0,,0,0,,0,,0,,0,0%
1023,21r01a67g7,,0,,0,0,,0,,0,,0,0%
1024,22r05a6710,,0,,0,0,,0,,0,,0,0%
1025,21r01a04b6,,0,,0,0,,0,,0,,0,0%
1026,21r01a04b9,21r01a04b9_dilipkumar,0,21r01a04b9,0,0,21r01a04b9,0,dilipkumar_4b9,0,seggamdilipkumar_21r01a04b9,0,0%
1027,21r01a04e5,,0,,0,0,,0,,0,,0,0%
1028,21r01a04f9,cmrit25_21r01aa04f9,0,,0,0,21r01a04f9,0,r01a04f9,0,21r01a04f9,0,0%
1029,21r01a04j1,shadabshaik,0,,0,0,,0,,0,,0,0%
1030,22r05a0424,,0,,0,0,,0,,0,,0,0%
1031,21r01a0526,,0,,0,0,,0,,0,,0,0%
1032,21r01a05h1,,0,,0,0,,0,,0,,0,0%
1033,21r01a05p2,,0,,0,0,,0,,0,,0,0%
1034,21r01a6628,,0,,0,0,,0,,0,,0,0%
1035,21r01a66h9,,0,dinesh_4675,0,0,,0,dinesh_4675,0,dinesh_4675,0,0%
1036,22r05a6605,,0,nandini,0,0,,0,,0,nandini,0,0%
1037,21r01a7314,,0,,0,0,,0,,0,,0,0%
1038,21r01a6735,,0,,0,0,,0,,0,,0,0%
1039,21r01a6749,,0,,0,0,,0,,0,,0,0%
1040,21r01a0459,,0,,0,0,,0,,0,21r01a0459,0,0%
1041,21r01a04c5,,0,,0,0,,0,,0,,0,0%
1042,21r01a04d4,,0,,0,0,,0,,0,,0,0%
1043,21r01a04e2,,0,,0,0,,0,,0,,0,0%
1044,21r01a04f5,,0,,0,0,,0,,0,,0,0%
1045,21r01a04g8,,0,,0,0,,0,,0,,0,0%
1046,21r01a04n0,,0,,0,0,,0,,0,,0,0%
1047,21r01a04n7,,0,,0,0,,0,nareshkn971,0,,0,0%
1048,21r01a7212,,0,b.anil,0,0,b.anil,0,b.anil,0,,0,0%
1049,21r01a7217,,0,,0,0,,0,,0,,0,0%
1050,21r01a6651,,0,,0,0,,0,,0,,0,0%
1051,21r01a6695,,0,,0,0,,0,,0,,0,0%
1052,21r01a66g7,,0,,0,0,,0,,0,,0,0%
1053,21r01a6771,cmrit25_21r01a6771,0,21r01a6771,0,0,21r01a6771p,0,r01a6771,0,21r01a6771,0,0%
1054,21r01a04f2,,0,,0,0,,0,,0,,0,0%
1055,21r01a04j2,,0,,0,0,,0,,0,,0,0%
1056,21r01a04k3,,0,,0,0,,0,,0,,0,0%
1057,21r01a05d0,,0,akarthikreddy,0,0,alampallykarthikreddy,0,alampallykarthikreddy,0,karthik5d0,0,0%
1058,21r01a05k9,,0,,0,0,,0,,0,,0,0%
1059,21r01a66f6,,0,,0,0,,0,,0,,0,0%
1060,21r01a7335,,0,,0,0,,0,,0,,0,0%
1061,21r01a6726,,0,,0,0,,0,,0,,0,0%
1062,21r01a6741,,0,,0,0,,0,,0,,0,0%
1063,22r05a6718,,0,,0,0,,0,,0,,0,0%
1064,21r01a0407,,0,,0,0,,0,,0,,0,0%
1065,21r01a04g3,,0,,0,0,,0,,0,,0,0%
1066,21r01a04h3,,0,,0,0,,0,,0,,0,0%
1067,21r01a04j6,,0,,0,0,,0,,0,,0,0%
1068,21r01a04k5,,0,,0,0,,0,,0,,0,0%
1069,21r01a04l6,,0,,0,0,,0,,0,,0,0%
1070,21r01a04n8,udayyyyyy,0,,0,0,,0,,0,,0,0%
1071,21r01a04p3,,0,,0,0,,0,,0,,0,0%
1072,21r01a0537,,0,,0,0,,0,,0,,0,0%
1073,21r01a6646,,0,,0,0,,0,,0,,0,0%
1074,21r01a66d7,,0,,0,0,,0,,0,,0,0%
1075,21r01a7304,,0,,0,0,,0,,0,,0,0%
1076,21r01a7324,,0,,0,0,,0,,0,,0,0%
1077,21r01a6740,,0,,0,0,,0,,0,,0,0%
1078,21r01a6744,,0,,0,0,,0,,0,,0,0%
1079,21r01a67g5,,0,,0,0,,0,,0,,0,0%
1080,21r01a0476,,0,,0,0,,0,,0,,0,0%
1081,21r01a04b4,,0,,0,0,,0,,0,,0,0%
1082,21r01a7243,,0,,0,0,,0,,0,,0,0%
1083,21r01a7254,,0,,0,0,,0,,0,,0,0%
1084,21r01a0512,,0,,0,0,21r01a0512,0,vijaykumar512,0,vijaykumar,0,0%
1085,21r01a0519,,0,,0,0,,0,abhiram24,0,,0,0%
1086,21r01a05g7,,0,,0,0,,0,,0,,0,0%
1087,21r01a6681,,0,,0,0,,0,,0,,0,0%
1088,21r01a6717,sandeep,0,,0,0,,0,sandeep,0,sandeep,0,0%
1089,21r01a67e0,,0,,0,0,,0,,0,,0,0%
1090,21r01a0403,,0,,0,0,,0,,0,,0,0%
1091,21r01a0414,,0,,0,0,,0,,0,,0,0%
1092,21r01a0480,,0,,0,0,,0,,0,,0,0%
1093,21r01a04b2,,0,,0,0,,0,,0,,0,0%
1094,21r01a04q1,,0,,0,0,,0,,0,,0,0%
1095,21r01a0569,,0,,0,0,,0,,0,,0,0%
1096,21r01a05l5,,0,,0,0,,0,,0,,0,0%
1097,21r01a05l9,,0,,0,0,,0,,0,,0,0%
1098,21r01a05n0,,0,,0,0,,0,,0,,0,0%
1099,21r01a7312,,0,,0,0,,0,,0,,0,0%
1100,21r01a7333,,0,,0,0,,0,,0,,0,0%
1101,21r01a67c7,,0,,0,0,,0,,0,21r01a67c7,0,0%
1102,21r01a67d7,,0,,0,0,,0,,0,,0,0%
1103,21r01a0436,,0,,0,0,,0,,0,,0,0%
1104,21r01a0497,,0,,0,0,,0,,0,,0,0%
1105,21r01a04g6,,0,,0,0,,0,,0,,0,0%
1106,21r01a04h7,,0,,0,0,,0,,0,,0,0%
1107,21r01a04k7,,0,21r01a04k7,0,0,a21r01a04k7,0,a21r01a04k7,0,21ro1a04k7,0,0%
1108,21r01a05e3,,0,,0,0,,0,,0,,0,0%
1109,21r01a05n3,,0,,0,0,,0,,0,,0,0%
1110,21r01a05p3,,0,,0,0,,0,,0,,0,0%
1111,21r01a0495,,0,,0,0,,0,,0,,0,0%
1112,21r01a04d5,,0,,0,0,,0,,0,,0,0%
1113,21r01a04h5,,0,,0,0,,0,,0,,0,0%
1114,21r01a6617,,0,,0,0,,0,,0,,0,0%
1115,21r01a7358,,0,,0,0,,0,,0,,0,0%
1116,21r01a0422,,0,,0,0,,0,,0,,0,0%
1117,21r01a0471,,0,,0,0,,0,,0,,0,0%
1118,21r01a0473,,0,,0,0,,0,,0,,0,0%
1119,21r01a04g7,,0,,0,0,,0,,0,,0,0%
1120,21r01a05q3,,0,,0,0,,0,,0,,0,0%
1121,21r01a05r1,,0,,0,0,,0,,0,,0,0%
1122,21r01a67g6,,0,,0,0,,0,,0,,0,0%
1123,21r01a0469,,0,,0,0,,0,,0,,0,0%
1124,21r01a7341,,0,,0,0,,0,,0,,0,0%
1125,21r01a6759,,0,,0,0,,0,,0,,0,0%
1126,21r01a6767,,0,,0,0,,0,,0,,0,0%
1127,21r01a0411,,0,,0,0,,0,,0,,0,0%
1128,21r01a04h1,,0,,0,0,,0,,0,,0,0%
1129,21r01a7310,,0,,0,0,,0,,0,,0,0%
1130,21r01a67j0,,0,,0,0,,0,,0,,0,0%
1131,21r01a6720,,0,,0,0,,0,,0,,0,0%
1132,21r01a7330,,0,,0,0,,0,,0,,0,0%
